,spotify_id
0,47fxroOKrDiF1KGNnuUFqr
1,011ZwIM48eD8ee2UBpG8nK
2,4X6UL4zrsK41FaPgpnPcOC
3,6GqqGv8frU7kqzXkm2rewI
4,4XII12nbsvJblXfG1I2QR4
5,4ejyZ4uJEXUURcgKp1kP8v
6,5SO7pvSFiXwU0e1z7C4X7H
7,0lNv90Wo1lnE9GZSJslOvj
8,3iVcZ5G6tvkXZkZKlMpIUs
9,5KcT9rJDqQJUSFF3O9wPJ5
10,3NivHilTTTs8SQwp51yG0X
11,18ssFhD04lWo1RzpcohnrG
12,7dz48pntblPzJ9mTPiUH81
13,3IDu9tPXbzk3tyHUCAgHzQ
14,5cF0dROlMOK5uNZtivgu50
15,2TNhWOFO2BRltGCoIgGQZC
16,6davZgttyPQpw5JWnG3hRI
17,1qCmZnC1FUpNgOydIzqIPC
18,6e2pJqucDMxbp061B40r6O
19,1pCrV2EjZ0KPXivD9U3sSZ
20,7idmHTAQQPUFqdjXkoooXD
21,4HDCLYli2SUdkq9OjmvhSD
22,4HDCLYli2SUdkq9OjmvhSD
23,1B5NWdLAt8GC4WKTPUCrLM
24,3oIVK7arAFuUOCGafPLxSC
25,2jUoKSWTHduXxUL3JomwhB
26,4NpDZPwSXmL0cCTaJuVrCw
27,3tk5DaXxxUoV7b5nOdCDBv
28,3qZwJ1SiY32JW70JqgiFbY
29,24NuEDgyRIljwSyY0lsr7b
30,6wJYhPfqk3KGhHRG76WzOh
31,78qd8dvwea0Gosb6Fe6j3k
32,4MCko2lInqpb0hKRZxRdGz
33,0Ryd8975WihbObpp5cPW1t
34,6Uy6K3KdmUdAfelUp0SeXn
35,1raaNykBg1bDnWENUiglUA
36,3fEoJxnPpfIHwFHKiFtqbA
37,4tW57waWtNZF2CnhQEjPBq
38,6R93ndVLgqG771h7pnX75V
39,0brv7rkLz7TlrcYDoPCqIJ
40,2drtd6SptpMJ1KylMQ7mrE
41,2ToW7zhGCrVrLU4fiKj9U1
42,1Rjk4jlqDbMhIPFTXfP7ud
43,2W0Wz0NzO7u5kcb7dGvv5w
44,6TYlDTa9AQDvjqwbxlvFyI
45,2C0hTkdEoikhKzDCJl32QZ
46,4OtHGdb0KqEbaWb6edUnR9
47,2S82sSBWe86mi1EwNQl7kQ
48,3LQxInXE5OxvADwN2ZWXna
49,5sK3o66yupTNIK6gWgzGjf
50,58AraOVFl5hUtZuPvaOXFw
51,5SiZJoLXp3WOl3J4C8IK0d
52,6RksBSj5fFtPkUnL2EE0oe
53,3cGOBTvkKS4aCsWRR2VPke
54,2izlCxatn0nR7SyRyrkUW1
55,5JipZ8qALcTrPoRRavAd1N
56,74YzCrLzu7fw0AasX3CEwv
57,6pBaH4u4WIFDxzwDaazekR
58,1lPjbmk2TylddPKESSIBfm
59,1z9kQ14XBSN0r2v6fx4IdG
60,4mJNzlooNUYYgWdhFqQeSc
61,23Vq2aaW3u5F7oIFQvP7jy
62,79s5XnCN4TJKTVMSmOx8Ep
63,1zfFle2YCXuUFXlAAZ4QOS
64,0wFGlWGDcXAwjUof6cN2Re
65,17TSJlshgQ5zu0e8dedAla
66,2reL9PAUza4PUtbjqW1fRf
67,6m5AwSncp7jlXRYhs4cwOT
68,2GpMgj0f0OTnPN04cFbs5f
69,719aY5gAzJbx2PHjyalZQu
70,4kZa1KQIYhpOtnvcIg66UE
71,7BilkHwC8zy0Mv67wsGiUM
72,7AKAZxuCnOqkNFVsDxVzYn
73,5OaBhC8NjdqDhHF9I6r9lS
74,0OlwdaMC1Xn0cb2Wm4begv
75,0Y6JVcxzdXaNwHROjoyuww
76,4TnjEaWOeW0eKTKIEvJyCa
77,2ukaTb7sSeWHdr22n1xTBs
78,5GDtkgG9T1BDknHHyDtghv
79,6Eu31gddWw0gOGO506pJYA
80,2vxijCz1x6bxozBE2khCSx
81,1lGHa2pwYzxQHFBUynhLtO
82,2ixD4Uu8tv5i4aiB16aamk
83,2ZlCGeK30BLRNSPC832pNZ
84,1YnSuTb4t29LkGjV6ixULQ
85,2fWRRecCCnzAE4gLBUjz8M
86,10Igtw8bSDyyFs7KIsKngZ
87,4y1GxT1XnufGddKkrFkbtC
88,4BR0bp4qHX1lcBM2HtnoIm
89,0gzu5mm36VJH2Zqu8sQPTf
90,4j7iNxZMrEgb3HVDH8cQWW
91,1HjZDqiaUrq46GHhHXE4vG
92,0FHQe3ZLaLGHX8OdeS02Ii
93,74fV8TuLZKVzSIOOGu8wwI
94,7FIWs0pqAYbP91WWM0vlTQ
95,1nEEXq32QujXMphLIcWVWL
96,3V9QEiXb2iuilvlcm6qXw4
97,6hYvw3LLTViP2mT4MpDNmT
98,0mbQJ2svktRQqCj9nUatUI
99,2lrvQCsMALjGeuyUkuzIxA
100,14sOS5L36385FJ3OL8hew4
101,5l9c6bJmzvftumhz4TMPgk
102,0JvPpTwwD1tu2JCyI2Ojbm
103,0NSwXfEWMG7HIRvXioGu03
104,0xpKRzMR9x53jKSdugItan
105,2o2R6ghiVJfAqEXnlmOihz
106,7ydjUPZFQVYZ54NLmoISfG
107,044qU7kwVZaDwzWnRsmVVL
108,2IHLaN6wwYKQ3S24NsQqpA
109,28Tv8zltFDr5wBCG3Pfky4
110,2mey22JGd3rUXoSuXVXx5w
111,1joLi42twnPqACG3pfcHMM
112,7szuecWAPwGoV1e5vGu8tl
113,7szuecWAPwGoV1e5vGu8tl
114,364dI1bYnvamSnBJ8JcNzN
115,25Rdrp7aqTB3x3coVETp0N
116,2QyTvPHRT9P6ZZSOAzG7eG
117,7uqRFlTZQ7vL1YKGSWmu7h
118,55BALenqt1mQK4XjSfXwVA
119,0UhKDHeZw2kHOz9HiRNFBH
120,31mCYEBAUwcwqOQJR4LGwU
121,3ZwQCZ2LuYwuQ6R1p1CJ3w
122,6g83x0cTTo09ZuZHR0olpk
123,5eEQCfq7MXQr6aHLNRUZLs
124,1hoLUVBx0ixX3kn0EX0P5n
125,5K1vB0WL1rV4pRc57nwomD
126,59iGOjPSOcPLGl3vqEStUp
127,76nqCfJOcFFWBJN32PAksn
128,0TrPqhAMoaKUFLR7iYDokf
129,6NfrH0ANGmgBXyxgV2PeXt
130,2WgyOP8Z1D6GQYumCwH4Dk
131,0K5vPCPPPQYzrKHc17qB1I
132,4KAwczGJxt6Ds54OJF4sqI
133,1fO0o03TIaQgiFFAwsNFRB
134,7DiaNCPgH5dJ1cJ925jTAA
135,0uFForNKQPvgSCnxlZIhQy
136,6tcjcJFRSdkIlThUUP39mJ
137,0j2CNrgtalXRGIvHMO2vzh
138,7xaCQ4kSTrDxekCv794WUA
139,3frUvGrmGcay91lvFbOgsN
140,2gsxeJnGbJQkBddBDr0UTV
141,152lZdxL1OR0ZMW6KquMif
142,1hDRgonnCc4y2KYkPj6GJb
143,3IHBuc46YCTNygqwixZfGH
144,5JWPUEov2wlX7c0jhYZpeB
145,0xpTRDYOYugvdO9Y8sYmUb
146,6Hqk3UKf4uIrdbkJvwM7y3
147,42XC8x6KyeDFe2z8epNDrz
148,7hpJ9tATWb2vztlq99hERP
149,4AQzk2yNWKs6sYhZi6NzVN
150,5Xhqh4lwJPtMUTsdBztN1a
151,7o7ARUQHGogYASmm1hppQr
152,3YCUPKddcFr4s6iL4mj6Xy
153,5OhVQMeCgY0wjNk0i9pl8F
154,0j5QKkgh58UmjjONmDxYhE
155,4zCEJUxsW73s2sIIoM4SLC
156,5zZWKugaE2ZmnZN77HVfUH
157,547rvY6KDcfX9RjQZ4KIUG
158,5wXWGcJmmNGdV2EzXkbfQD
159,55dw4v6Uw6lmqGUxM6vdzV
160,2aUuMeSbt2aEv94MdG2BYS
161,4NeOWqHmlrGRuBvsLJC9rL
162,2gxQigO5StuN5g8AMlWoLI
163,3ksNHUNCTP6Pan8rjFnmtw
164,3cphb8kdsjElYR7r5icK3H
165,5IUOU5xkzGHsRFOYNu3GSK
166,4kLm0P01JM1xS94Z4JC3oE
167,73SpzrcaHk0RQPFP73vqVR
168,2FvXQa4abSORJFAcRDARSu
169,733c1CWmIGymoQXdp7Us88
170,2FreMe6SUkrfd7yMjA2XUZ
171,4POHzEwNTCYaIvqCUp3NnO
172,2QyuXBcV1LJ2rq01KhreMF
173,12Fkyg9lpmaz2zmKOfw2Y2
174,7A7RygcHdNH0iJHgwteajF
175,2slqvGLwzZZYsT4K4Y1GBC
176,7wsmIIm0xWmtP7TmACXkJn
177,6eEYGGFfFbtKHCgJM4uh9v
178,0YoquWDxpwAq8jFPj3K8wp
179,463PQggkmk5tTw8ug0ahOX
180,6Juv5N0dNU1imms9c9u1dA
181,6OiIxGNevFpAVZokiqd6dS
182,63mdJr3NMY3wReOkNE6c6W
183,0KywIrJ4Xir4tS6q61aY1W
184,5lqGH8hkVXiFg2fUibDZl2
185,5px6upUHM3fhOP621Edp4V
186,1sgMNtx83H7F0zrS9eWOij
187,4V3eVPdsVUvW1uLOpDyLSi
188,4IzqayKpvcKj0I7KWqRVwU
189,6joUU4kYdIGYuIPcIfcmrn
190,6joUU4kYdIGYuIPcIfcmrn
191,6NNIMyZri0m5Dkl1OWeV6m
192,2cf1g08CvDuhwXFqxjetQi
193,7HMmFQsKsljwTw8bS7lu19
194,4xYTwN5Iu6iBlv6yHyVw9f
195,71jGGLe5VtEHjIk5dU2W3S
196,1rIy3lkFJnMsTLZpxFmYU8
197,630Ug0XtmhhFvAKo0PNuEI
198,4KNlASXNNrYYmNZj4KG8qX
199,7t86YtzrVP2wptfK0QmBkW
200,2D68wN3hwEZFdeui0c5Ar6
201,4zxpssj8DyrfZcEUSUiNxG
202,3vM4uIHDY9nAZcRRoyXnLX
203,6p8eEdiZLKJH8tcjGZuNTK
204,4Cb7eYqroB6XEkF0a1Rxw5
205,586bDV7NhZOAfjMdER1cYc
206,55CHeLEfn5iJ0IIkgaa4si
207,1G391cbiT3v3Cywg8T7DM1
208,5O1NcLIdhm9TNtiXnmJmw8
209,0prNGof3XqfTvNDxHonvdK
210,2FORPQIrhiSwHLZdv4MtZj
211,2JmykqxMj8Gb5ZMX4F4BAK
212,3ekxXNSH4mgUnMprSnopls
213,2Ew2BRBsCNAYlbgkVIcaz4
214,2alc8VZAzDgdAsL2QMk3hu
215,1dI3a24CXaNy9WY47cwJsJ
216,2m0pzukUN2eFutFjnXNFXF
217,1w41Yd4uVm1HuogmwAyUBX
218,6VrCmhRBFnuGKmtNfk4jDs
219,7aRgwxm13RGc4QDesqiWEs
220,0AXvsShBtCtMVx1kRPOu6T
221,19YmvsVCetCBeVj6O2mljR
222,78XK5PDIKWiDKcgiLl1x0o
223,4nVBt6MZDDP6tRVdQTgxJg
224,2kJu14V7hbZw3I4K8L8SXb
225,62EiqO4OVS0v4H6Y3DtQ3e
226,2u3EyuCqqV31woqGvO9LBz
227,7gQm8pZsxA5eXCZMBGV7CA
228,5SfdvzJpx8e8AAL4VDlRWp
229,07hVMjI4yhgUdy5FRZ18Su
230,4bb94wZVF1cX66vQjNeJTX
231,4gGYiGsxhPYpsGIttWLwlT
232,1C9c7jWJRqPDn4hzv5wzm5
233,65sfhq9TVW74GjbaMwXmnU
234,6YndZBGmLySgsVScckWkmO
235,1TqRMHaKf0GN8nAOk94v2c
236,5PnNiSp1xeYI318WPHEIzP
237,42fw0rxRO2xbesF6mJfd4Y
238,6QC2M0TRWhbI62pph04E2O
239,5raTDhlbxFDnpn89bxArdH
240,5crhbtfcOWIfN5NbkqQRql
241,2D52zjCyqEIQa221lhw6uk
242,1zIshc2P9l5AZsOpJWmdTM
243,6MxMqCgqmekcr0VwSU7AVH
244,4UMnUuQ9cYTSdv9FNy9uWb
245,5utdbEzP9dUyrEaayHfVM5
246,2ZTYlnhhV1UAReg7wIGolx
247,2i0AUcEnsDm3dsqLrFWUCq
248,4SYUUlkScpNR1QvPscXf8t
249,127QTOFJsJQp5LbJbu3A1y
250,0V2D1l5uEi5p4z6ug7ENSo
251,0kmrd9djZCvcAMK4BR08QA
252,6QN8DLxJ1Vvib4JaLOw0O2
253,0lSZh5W0wDeurkGzLYY6hf
254,3FGiFUJRRp5RGikVrs6kig
255,25wkmsggPrmVeDHv0QBMgW
256,3AEgic4yp82NxMWUjHtxnO
257,5Qm5AmbFg3IP1xN9Q4PKjW
258,0fySG6A6qLE8IvDpayb5bM
259,04ldF8QeASSyJLMtZJJfqA
260,6gSg3QpIF5yNIxbPg711Wz
261,71GDzMYeR8sNBxtZQ8iJj3
262,11OwAR3GlBj9E35Cznf7Lj
263,5MYzajZVxBaPT2JUSRa99L
264,4cSSL3YafYjM3yjgFO1vJg
265,5ln5yQdUywVbf8HhFsOcd6
266,6tCssnvTUREcperDOUTqvA
267,0HRu24aRHIQNiV04mZHMk7
268,4wNIkl5XGiAACjFBlDWuSd
269,4mEQ5tCs1x6h3xJuBOUc4A
270,1b3nlcP6hogIzYRVK2Ui7K
271,7oAS6XiQ8y8wpkRWxQ9MD7
272,353IDEfNzPJmGNRnOi5kJ1
273,0wsfdPl7p3yKjQBmHQsaDn
274,7GCVboEDzfL3NKp1NrAgHR
275,6iZAmCxnGmoMraKoS7Dtz4
276,59JWp4PjZ9TRM8cmtaDYB1
277,75dLEqanQTupF3dtP9exT5
278,7lidXGPXPYLNThITAOTlkK
279,7lidXGPXPYLNThITAOTlkK
