,0
0,27KSwBOQTjGWt2Fe8fNAwq
1,27KSwBOQTjGWt2Fe8fNAwq
2,43RSiN5Os4MiYwj3fNVomY
3,2dMUJy0El3BcQUy9gP9gt0
4,1tNJrcVe6gwLEiZCtprs1u
5,1OfLNb6dQ9dra1B58iT9Ex
6,0qWsp7jWCCLJtHWGB6NGBB
7,5tpEGhK123kgPf7pWWE9g6
8,2PlrYKsGndAMJ0qqVVPCoV
9,01NaNxAEmbxcmbfvCFQduv
10,6JyEh4kl9DLwmSAoNDRn5b
11,28FPM0O8fic4eJM7o9bpAY
12,62VpKdGyA7OIyUCj3a3LPU
13,6iM4P6am0dIL2lNKPbg1Xw
14,2kGznkv6myGdlNTozvRG67
15,11kDth1aKUEUMq9r1pqyds
16,1hHe7cirScEJWgAS0JFqTL
17,0gPQTLaqHDgdupKEok7J2x
18,4zRZAmBQP8vhNPf9i9opXt
19,0zqy3ss4CwD6u4QPksS0nI
20,2mWb172p8SCACG6Peh3Qmt
21,6akBF8JWM8lrpqejdwIfYI
22,1VazDHnEgqsDRDzWwYXfRl
23,17Ko2HhcCAHaXYLwV4uC8C
24,5CTzapBNGovLrqPas4cy7J
25,5CTzapBNGovLrqPas4cy7J
26,3e7Y6sfFlIdBMJhX7wpqVO
27,36wy8sKYBYQKdOBeqA5F0U
28,7JSR685hpFDqvTSNHeSKjL
29,6tarvNiKnEjYMj1VZhlDqR
30,0PV1TFUMTBrDETzW6KQulB
31,1eto1iY3lVWyJhejV6Mi6J
32,28XvT0F0E4sVamI6JRVnmU
33,22WV03i2lBbwNVCE1g671p
34,5jGUJXnELDaDTgiRjD9lsg
35,5zWsOD8aSwx5P7kGb6gQTw
36,69cWxwoTdeCFPNsF25hNCt
37,5xJeZ6tLPOXNIrrphEIuay
38,4UOXo3xWnxYdTf3sFyRaUG
39,2PPJ49WjSLWpMkGrAEsprg
40,794QVQtFNy7hvtjQP1keQd
41,0CZ8lquoTX2Dkg7Ak2inwA
42,5oQcOu1omDykbIPSdSQQNJ
43,0ToC28lLiwEKyQdN4FXypS
44,1t4pPnbkOjzoA5RvsDjvUU
45,3nsgHGUtMnU1MSgy30fHvh
46,2BgEsaKNfHUdlh97KmvFyo
47,6dFn6my1sHK2bcf23GlHwM
48,4UjFWIhRkhrR3mul5gLV5S
49,2Q0JkTzFXrU2BbnQT7tzIR
50,7t69QzoFM2AzsBAlKKVQKO
51,2vATDAftePyHSrY4rP5nmr
52,5Uu4RsEPySR6TyUqXGnDGr
53,5LZSbI69nEiqXSHCqaHQWE
54,4cBSVGEHvZCPGKq2UnB26P
55,3A2yGHWIzmGEIolwonU69h
56,1jM6fCYnlLCV8t3run0yUl
57,6FyRXC8tJUh863JCkyWqtk
58,6MJUCumnQsQEKbCy28tbCP
59,2eqDUxbd0JPEhNrJdPlHLs
60,2aYmP5Ar225yAtOvL6u7cS
61,1qIqGax1IQqJm5H1QxqLcJ
62,0ACu78PvVsOFYIKgRkKbGZ
63,3mvYQKm8h6M5K5h0nVPY9S
64,1otG6j1WHNvl9WgXLWkHTo
65,6PFyGdWw0qnstR8KJAWrrr
66,35V6qXUDCvwZdmbKe5PlPG
67,5LVoGJTyG6fLJgoGkY2QAZ
68,0alSPoUfrGb0RdVVG4Lf3n
69,7ioTfkfPQ6p9tATs9sCZmk
70,0b9KkFVuiKep5IH8O5O8OX
71,0JR7iZZ6Ql79sXW3rbiS3F
72,63Saeg5a3aY8sjitGOCq0F
73,0xKNTDmIym4R2TfKnS4FQo
74,6rDaCGqcQB1urhpCrrD599
75,0pIM7qcu5cOjqwFEFqbVn1
76,07FOCFJhMmCVQDyWX1d3gR
77,7f0vVL3xi4i78Rv5Ptn2s1
78,1Mew3ipJFmRpSj83LRyxod
79,1gGhqfs2pDTOI30AEXMXrn
80,1gGhqfs2pDTOI30AEXMXrn
81,1g3ErLqysBJ5EIGdYYMWFZ
82,4lsEHglVsLzILTDQ3CNESV
83,7gzxLXfpKJXrueC2dwQMD5
84,2skmOCFU64Bg7Ytkgwliwe
85,4VXIryQMWpIdGgYR4TrjT1
86,6X6SdJzxyw7GzxwP2fr9WV
87,6X6SdJzxyw7GzxwP2fr9WV
88,6914ZWSnIGPlQkNgQldTmT
89,3U21A07gAloCc4P7J8rxcn
90,0JAQUGJudVlhRoAqqhVoYX
91,454UyoTlRt9FFI9ErpMPMk
92,0dXNQ8dckG4eYfEtq9zcva
93,6vAQtUlYrzolE6SS9QCTs5
94,66pxmg3Jhjm09tHoWR1wVR
95,3GCdLUSnKSMJhs4Tj6CV3s
96,2BNQpd87nSv475zdww9K0Z
97,6LQBQNvnReU34b5BHMX8XL
98,4XLu3tTSZiPFVC9mmuR6Zp
99,08tq1XcHwVt5PHXUo87i0D
100,2rizacJSyD9S1IQUxUxnsK
101,7tjXeAUgZEe2yE6nSOcqWA
102,1yXFAwSMDZmX2ZyDLLyQ9s
103,3BWlLiQSXXxy3OpL59k7lN
104,2oe6dDthgthqUkfL3czpEd
105,3iVcZ5G6tvkXZkZKlMpIUs
106,2rbDhOo9Fh61Bbu23T2qCk
107,6v3b2lQADc1ugsXvrqYZIB
108,2iCOdoyDmWG3hWkbtH1KB2
109,5fhZ8Pd7ieNCeebaLZDjN3
110,7kmICQg7RYkoeSsET0wVHI
111,2NcstvY8H9PVQ0DMNGHckh
112,0gWoC0IaAIiXLjB6BTH3G2
113,22UDw8rSfLbUsaAGTXQ4Z8
114,1fDsrQ23eTAVFElUMaf38X
115,0mQiDbYxHElUp1eNpLZXaY
116,5KE6acpiakjqiIskbWVfxB
117,5aJ1M43pinROpwaPnO8KRj
118,68QcquxCS39cQGTsRrJWIR
119,1fBl642IhJOE5U319Gy2Go
120,1fBl642IhJOE5U319Gy2Go
121,0U0266U8qEvuhZnHIYZKwd
122,7oYaJTWmimCgePQyID2kP9
123,1HagMz5nWk1HmevNCBOxF3
124,5lr4DTs2cUZqFdFEnl9KqV
125,3NTQws0JI0usmAUXHD8Gia
126,5IkOnAKGDJT5M8KpFIHzsd
127,4PZl0QLHeqYouwy0iASyNF
128,7my1wrfnHqssb3mtHEPWrI
129,4eOlGPkaTntGioy5LFepAI
130,2yWtLaPCOUDyi7f1lOXCn5
131,2yWtLaPCOUDyi7f1lOXCn5
132,0E6PsO3ymCfUh7pJQjBgkj
133,57RA3JGafJm5zRtKJiKPIm
134,4zvqMZ6g4wKZaPpOQvoBpP
135,5wujBwqG7INdStqGd4tRMX
136,2LskIZrCeLxRvCiGP8gxlh
137,3Oj5f6XETShvp2xknJyGMf
138,0KA5Hg6c1vEiulQ1f2LICV
139,59PYgzOiOjGDzjDT5N5oOX
140,7HjNOz8Y7H7uSySXuHNg1Y
141,5mXOdtyPOL6GEuZdCyHSsb
142,3hg8SvlMLkm2lT3HXvU6Lf
143,2vs5ubqg8QUbfyWZpMfvWe
144,4MXhiYIRDMGAuvZc5IFTwC
145,7e9VcJG50IUIpSMLkdralu
146,6rcTyXe8W8kjQLyALBRj1v
147,5RIVAc0J3PAsw4aqkzO7TM
148,2UciqgwVDwro0fev3MFbxJ
149,100eDEmpWV5YGVCqHI0leU
150,7BuHdm4lQqcyG3qTwdkxus
151,6vzRrGER6V3z1oQbUSUlFW
152,0816B4MN0oYYK2kxvLcEcN
153,6tSaMs79oJxK3VZ7QFgoTj
154,6BDD5Ki9l2pWF1juW1RAsl
155,6dnrppGRbt8fie18Lcd9Dd
156,4Is1b37KJY9XVCgzp81FBW
157,1TEV1XrPtV617Y4Po50P5e
158,75opBODhJblQgRVzd5XmyO
159,7fRruZ12gXGwBs0zXQ6e5V
160,7hav1MHURQf5SAoPk0egqh
161,2Iov9mHNgKuL1oxePM2hZM
162,3ALgsy4RtDm58xl3VNoSgZ
163,5zmzse0TEG4GtlRrUBJOXK
164,1wrT33b6HuKlpk9ziscEUY
165,4c38yr2PflGI2DSIzqsnmF
166,4M8x1TR36VMQMFMbGCdoyA
167,0U6h6BIv3HKpkp3ZKH9wCk
168,7Lr4XaxGpkAwa37IVgg22k
169,7Lr4XaxGpkAwa37IVgg22k
170,1QsXOnBUiREtGixFfdLTOf
171,4hQ6UGyWQIGJmHSo0J88JW
172,6VRRu9NewkmX12BMCvCJQ1
173,0PpfPNtQOOvbMNVJijTQj0
174,2Fxmhks0bxGSBdJ92vM42m
175,1dtTRXifeGC51adYy0902s
176,5m7on0zpnmeAXy72ANrmfU
177,2RSHsoi04658QL5xgQVov3
178,1YqPDOmooQQIXsRSdbRrwI
179,1zZ7vl1amOLI4GE5oUn0YB
180,32lm3769IRfcnrQV11LO4E
181,43NB9HjHYL8OKohL4xrwJX
182,6IaieqiCVvsNvEt6Y7yOFa
183,5dmPNuHmRRJuHmJTDa7NuJ
184,5INKIG4QNuD4xq7qZcfPzp
185,6Poyf51k7W3NKnsGwAI90B
186,2qsQ8eVDPmobZpvDxQCVQu
187,6iaQi9uPzHoXLMo5g490Bj
188,5KO83leMdhnByOakB3IA7l
189,0QkHADzujvvnTMTbmxDzXv
190,0GyUjz44OaNEW4EHcstoAR
191,7seSDB6TiLZarbicyDIjiQ
192,1hWYT0w2R0J19rlVkiez7X
193,4as4XEOR03oGm1STUKl6pa
194,4BHzHISX21PYwGXiBEUQ70
195,3BPoSr2pO34Aan6alFfVto
196,6ceKChoZYLdw24Ph1CDFUJ
197,3EPXxR3ImUwfayaurPi3cm
198,2Yl4OmDby9iitgNWZPwxkd
199,0xOlVRUewjWRZqyYFdOr7W
200,2mVFo8BJ6ZPh82QAOpCUbT
201,18UsAG7SfOQ5sxJEdjAMH0
202,6Yk4HTvs1Ww41l4c7iyBlH
203,5rWmqRULJjFTHiA3thJ5XF
204,2bQhVQbV7VBzSOPo8mbkUR
205,2rxQMGVafnNaRaXlRMWPde
206,2rxQMGVafnNaRaXlRMWPde
207,1VuBmEauSZywQVtqbxNqka
208,3rGGGUvG6YXzNaqD1yzdzW
209,74jTexO94dFGyXGyeu8krd
210,3Phjn4zJ34ZiEVUngyccY5
211,6mKs2kkBgvf090H566n1pd
212,3f3omU8n47Mqyab5nCaGyT
213,1RRZSm4akqNyMOsPUhw4cb
214,5nqHzhn3SDVtQ89kkaYsg8
215,3iL2l5gUqyPS6vDwJFgJTR
216,6nI74KsH94IN0J2vp5shdT
217,0m0hFyrAqGKaVJ7D24Jozg
218,16x9bQHw8TBNaGDyULvwad
219,3ZZyYqxcaogkXq1j7V1N2H
220,0tMSssfxAL2oV8Vri0mFHE
221,7viT9kDjq8PIx57sRCID0b
222,51NFxnQvaosfDDutk0tams
223,5V0nHhlYIjUMfcSoJ5ziRD
224,6PySB4GoTTMKXhH4Ksaugj
225,78kZylQujjbBQPfmy1Xtcv
226,4LjyEL2sAQU7QZPC6GuTf6
227,00B7TZ0Xawar6NZ00JFomN
228,3VamXAvVMczcS2PTYtPfBQ
229,6zeeWid2sgw4lap2jV61PZ
230,6zeeWid2sgw4lap2jV61PZ
231,1QAIa9US3WwDAqZdn81FIb
232,357oRj2nlGc9QLjMGifVtS
233,7dt6x5M1jzdTEt8oCbisTK
234,7bdYxWPCs46dQ0XLwySOyv
235,6fq5GyXeT7kfzkK97b9rGC
236,1tSGw3h54aHModEHHL1HGK
237,2t3b5MZMzsArvQflOUo804
238,6M0gc38pZlnuvMvxuZ4Jp6
239,7CijQSdJCwgFFfglzXzRSp
240,17Yq72h0p15OhCbZ5lJ5gd
241,0ZNrc4kNeQYD9koZ3KvCsy
242,1x6jHJGczTBitBy06hIWgx
243,0EH0MSfDScr5zr0x7Wn0QG
244,1NBDNXtcIEIVJno1S8wVaL
245,0yI39MBbjIBnZB3P7FGr5B
246,5cXg9IQS34FzLVdHhp7hu7
247,4Ri84aoor16uSkNtpAvPgQ
248,30O2LILRUDHmfLa9scND3k
249,6Q36XucqrejMId3RydVhch
250,3WW9NaxJkWXfahwf5H0VVM
251,5KhFaq45chTw8RGfWo8T8J
252,1yp5z3TNnOvgcnAKezh7F4
253,1AKGJQIHP3dIPuhOjdxD6a
254,5t3Vk8bRKylx4fjj7qlbib
255,6aZk8CVvg4bVztiy5Mrlen
256,2rCuBpIkHVtY16o0PRv2GS
257,5ZiGSKpIGJmWxlBOoKS7dV
258,5vm7y9SmcH0S1NOQanb8rQ
259,5qN4HFkapdAOV94XPryVof
260,7lWUJpax919G4JdaFEVmCy
261,4mLkiFppf8Xvem6BSY34qw
262,1JGaV39uhSQd2eAteOxFlF
263,2o2gbc86WmczOU9dAOnkSL
264,7pdG3g13RKtrCmKwnSDeO4
265,3BSPKTravgBDjmuG1rIXvw
266,4KXwFI9pgJLpUIAc9oSL8j
267,4kmp56RAtXEzHOANS0BaLX
268,3WYAeLh2FXjb0d7OhMxIu1
269,2oPCR02nduYVpj7CTfsA0d
270,4n1bdaKwynQndm47x5HqWX
271,6lSr3iZTC144PKhvbPFzMp
272,6spaGIZEfeDYlgAupMI34k
273,3npzogdOEiVsieXmmhBepL
274,3zls854dRathxLF4aoMJm2
275,3zls854dRathxLF4aoMJm2
276,0At2qAoaVjIwWNAqrscXli
277,3aBL75wBGHJnskegE9jyhb
278,2B1fuWoWaYnCXbjYp1gXg5
279,4XGEp6uSVqsKz0dUX8n1tI
280,4jAIqgrPjKLTY9Gbez25Qb
281,5hM5arv9KDbCHS0k9uqwjr
282,0WVAQaxrT0wsGEG4BCVSn2
283,78qd8dvwea0Gosb6Fe6j3k
284,2LHIwubgdCjbbBaoP9gkWB
285,6FJN9EiWE5Fh20WYrHfB5N
286,001UkMQHw4zXfFNdKpwXAF
287,4TrjswmJIALC9b8FgleAQN
288,1mgWnqeUOurHJIyorDtuqF
289,3qQltfeI2Hi5X7zMml571V
290,5Z19ylxppfnfdP4JH0u8oj
291,5U4zBRfVdqaL1kOULNtZ1T
292,3LbZIhU0smEU5SUnxod4j4
293,4OafepJy2teCjYJbvFE60J
294,2j1SOj42jBmQVMQsF8tVrH
295,5fsbYDWUPuuUWxQuSlX60K
296,3vgiIJW3iSQRRvgYiW86i9
297,5P8TXlZCMwru6DaMsIbbO3
298,2IR7BXINfCNuclY1noPjMf
299,5LV0oQV98daZAUoWnQEW6N
300,3Uu6pcfL9xsdfsKRx3DXRf
301,1BCBBO8VUEFOb6RBct4XDp
302,6ihjmHDgDorFBIuhMvDOG6
303,1uamWM1skLWg5a5XrF2x7X
304,0k1hbeZodoEw34FAdbh8xM
305,4Eg6Y5tciACpwMI5s8EqdY
306,7dNwJbsT0sg1le5kVugGJb
307,7dNwJbsT0sg1le5kVugGJb
308,6BvtitRX5lQC87YlA6rq0n
309,701uTq17mUIhfEQZVvY0B8
310,2TtWdYXulGcHCeUJUWwZ4M
311,6lUY6MoqGgPnA27PHYxem5
312,28jJSSdIvzDycNBCpcT9bs
313,28jJSSdIvzDycNBCpcT9bs
314,7yrJnekdlwWARt5lmVqJ6L
315,10QngEY3ml2yPt54ZyyP7z
316,4a1oIihVt6xSnDRpgX387M
317,7dVDWf0wud70V4PgYfKnaG
318,7roKDmJDOzkpfGpUQJ5EnL
319,30VHURM5NOfoZmqp2iKawS
320,30VHURM5NOfoZmqp2iKawS
321,4NdXQlDTzxbOMkzJGWFtz3
322,3WBY2lhKzkxaG5bNscQrOG
323,34BHTLq76CXo1lXYvq072n
324,4pN7yDeBmmAud5lBtuCsVs
325,1qYnUcEXUrnqByOoywA8u8
326,0tp63L82d21GTlvZuKSHGY
327,7biy6dfLU3CPSkhIYl3aDj
328,09mEdoA6zrmBPgTEN5qXmN
329,3gu0fRSgFuc4FmrtIv0DnC
330,3gu0fRSgFuc4FmrtIv0DnC
331,2MShy1GSSgbmGUxADNIao5
332,0yPWj2trBQazAUasaLmqbU
333,5iwz1NiezX7WWjnCgY5TH4
334,4178A5NkEjcsGc64jpBO6d
335,0QBwd6OeiDQXVYx7sEXgnJ
336,3CqT68zWwvcrY22UkhD67V
337,4PwGt5dBTmdRu4HTN8ZWgR
338,05Iawel3maRW3mSHYmXxMZ
339,27a1mYSG5tYg7dmEjWBcmL
340,1dUHF4RyMmMTveJ0Rby6Xm
341,1VJwtWR6z7SpZRwipI12be
342,39GvWlUAF4Y3qzboUyvBkg
343,1E3VQQWFQAPJkXfYHjqWoI
344,6l0Ky2PycJV1Bz88kFeVGL
345,4xisLMFhYADhKnkOCCV4Am
346,5hTpBe8h35rJ67eAWHQsJx
347,7KZ5MMVgBVox9ycroB2UrI
348,7LbfuQVct78YoghmoPtsQ8
349,2rMAtCaTj16NptyVfEIeAC
350,1B4gJRq61xTs6r1O0Uq2iY
351,164gpUkHWrZj6dY00iDZEY
352,70lVHIHJE2tUXH7FxNOz3z
353,2BgunkkepMPFpArQj1Dx5s
354,4cI2rd2D44mBjwUVFxTkUZ
355,6MUWzkb4V0AKw3yDHxlYcV
356,2AN9g9nIku6oPqWcUiGYmk
357,2i4WKnGYntsN4jEvDjkKBE
358,0stPNUkU1LZnvxIcfrKnEZ
359,6nO3tr47nr2P7f3hXb8JIo
360,6nO3tr47nr2P7f3hXb8JIo
361,7AFASza1mXqntmGtbxXprO
362,03eTN7qaiHC3SbaEDTRE8J
363,6k7o3KrLtM6xfcszKVVNrZ
364,0VFLE8ndXLZHpgVu6v6NXC
365,049gd2RV8Svr1lXtDlbtVh
366,7AFASza1mXqntmGtbxXprO
367,6eIygPhGcBFKKcxlGTJlY0
368,3rT0YIyiE1n8JAUpBCUudE
369,4VljbkPHnUEowXiIUbvA9x
370,7fNNmMAgvOyQi4WHIOSM8A
371,0wnyS38FgbmcULzMeAl7N8
372,4XJfD853zElJvToMiXia59
373,23OXdR7YuUBVWh5hSnYJau
374,44Ljlpy44mHvLJxcYUvTK0
375,1b6UGJBOWFjBoefUJ7YQX1
376,1Cq8IdsiaMiieYuLN8iEm0
377,03It1uO69CjGWP3yyVe465
378,1e4rwBPVI32vZtTJu7mJ4J
379,6VUJQqyeQhAZHkQbSDqLtI
380,7azwgPqPI9M2S4hXoH6hXm
381,7DrluKkTviBwCc8AV3VGmf
382,19rahpLlANnHrR9kXyYDOP
383,7BKLCZ1jbUBVqRi2FVlTVw
384,5nzhL67GpF9szXWg5y509A
385,5JEx7HbmvHQQswJCsoo9rA
386,05l7cyJvL9OTmwnRTFjYQ9
387,6miqdoICzUXCL5UHCuucjK
388,2LNMhZ3YijTO7USmqjgJfG
389,6EOwEp0a537SGJZxVk07Gp
390,5NjcvFJsahRqqSvNvTVJX4
391,6vnfObZ4Ys70SBAtti1xZ9
392,4ILjxXh8wHimTvvWPVDAuh
393,7thTA3hqO2MgOlzo0rPInX
394,1TnUURhehaoMWKAqQtirm6
395,0azi9s5q3SfJjiVkO8XQ0R
396,5AnVuHLmgipXkFmBvj2Q6H
397,1Y8g8zMEK5lwGIXGg1DOZc
398,2BuBXn15gj4MNYZydyWgrk
399,01z2fBGB8Hl3Jd3zXe4IXR
400,2kGnZtVQMOqxDIxzLe0ZSE
401,4s5yT9UpT01SQosyMM777r
402,7wC5eZcFS1Q1BsQ35DU6H4
403,307kcWJQNMdiYYKj1LgClU
404,1m8WpLYXEiNVZchsWEcCSy
405,3f3cliOygeuUpGRwdohy12
406,5EA06TsQmqmQXZiEhr1AaM
407,5EA06TsQmqmQXZiEhr1AaM
408,69ZaPBHhRMRDjRpW1ivnOU
409,7jIfxFhZSmH3LGud6D5m2w
410,0paIDUEcixm7WmcC72KgKZ
411,0SuOGYZqNpUsubP6CJtfk4
412,2xnLBULgfS7IifhN40kRWZ
413,6sToW2vF0y8ZEXuHoMQob9
414,6sToW2vF0y8ZEXuHoMQob9
415,3T4UodGkfZObJ43RtA5KFU
416,3T4UodGkfZObJ43RtA5KFU
417,7sTtHHrD0zDpmzQzH3zegz
418,6kHFFUgDXeJhX0jcif2op1
419,1oFEAWvPHP5TdSlmIs77sV
420,1EAZ0APxPiVuzDb7R5TfVI
421,1vi9adPJiD4d22ybGp25hy
422,6oEVnWKgPqIEPc53OYDNqG
423,38ARsNlJyFgF2yt52J0qOj
424,0lATXmstYwzQjOLgkzvnEc
425,3SagqXXt1KFUZY5vL7uzMd
426,02FaKXXL7KUtRc7K0k54tL
427,4qDHt2ClApBBzDAvhNGWFd
428,17FEpCqKLVOIMHp35sUIlg
429,6vz7tLuNbUCPEK2KLrC1zo
430,2b9lp5A6CqSzwOrBfAFhof
431,2b9lp5A6CqSzwOrBfAFhof
432,1kVxCiSSA24IBdQIwOPVhN
433,06EAtSDu3KSoi4fbA3ZjoB
434,69CB5oGRLV6L3eWSq6xOVT
435,4YsnD5GTI8nVBUXkmlqur4
436,7B0jvve829GGdU5kFttQTY
437,2HhWJIrGBUIIakC8t0xLWC
438,3xnbJVx4QqsOYip8Cn6OrN
439,2sHwSBNDZN2yjCtgwStYt1
440,7Lf7oSEVdzZqTA0kEDSlS5
441,7B9UAoGiN4iMCv4s40xoiM
442,5mj8WVFcKdGA8p9HWGTSLc
443,2XXMDz7SPZ4mSFN1PXfHUy
444,1tWpgH8rErSXPOkQKFCag9
445,4kUZvXB3LC3an3HX6h0s17
446,40T4p3DZM0JT3ahOiCau3y
447,6q8Lb50EtqNeeJXXe8mMAH
448,34oB5r0lcN3fYWCs2uA1k5
449,5btaVjrLBxTvXNmCv5DrW2
450,3Mzap62w1IyrknkxFrb7sv
451,6gFtgkh8ShkrJn52Cbdhxy
452,4Z22Uz5JhtWbkmzojNcdPr
453,4y4JLOWeaKqCCT1Z5rdrLM
454,2MyCT1iCuBUhcO8zbjOyRW
455,1E2WTcYLP1dFe1tiGDwRmT
456,3t723PlEADna6GjgquoMRW
457,2NjO87HyT80fsgejd3PLYW
458,0s3P5PImfDZYWIseR3b39D
459,6Qs4SXO9dwPj5GKvVOv8Ki
460,6PFoEnjp0PAe5siGswjH9i
461,7l94dyN2hX9c6wWcZQuOGJ
462,7l94dyN2hX9c6wWcZQuOGJ
463,7793p4ZXhtbW5RpeRK7rid
464,6RX2OrWOotW9guiwlb5tpD
465,1uihOJbHkJJlDwUUOa0yqu
466,5XoAcU8oVi9YKhJ9LdZrnO
467,0dMYPDqcI4ca4cjqlmp9mE
468,18hCeq7QyzfTrcbjOcmg6z
469,6SRWhUJcD2YKahCwHavz3X
470,6gNebIZdqveOrVehCmgE8b
471,2nugajeEf9KNKXrpnzamLl
472,7nGuT0EfqQ1TXcADEKwB6Q
473,6bJao385FumXdxIK8ITi8b
474,5J2SAAtyfFXOsctaYiUuLO
475,2pyjbGTpJCPjMYwCbdymiF
476,2aI2k39nfa3KFsa4JclQzw
477,0I8x68KiTOvx1VGDJLXzGO
478,0lZ3yLWp2pAWExImZVSGJ3
479,4fUOFWOUzQJf90JNpPOcQN
480,0cg0rDz8lF3ZSi8SWVptPd
481,0x7wXculQOdhxMqpNZhcJv
482,18EOxOTvtENMjgaigtbFLS
483,2ERHBp97IceXjkAJSkdDfk
484,4c9UU12Z3KZiC0K7696rup
485,0YGu5VbKdxYOB9FSfbweX3
486,3TqLIW3qd4qFYkfYsBjVN6
487,70RMVzexrIvYJiFEnuGymb
488,17tRQ9xLcfif3rNFJEwca3
489,1zBrr1mehpl0zMbjtUAHP1
490,5cJJZFR8CtHn5CdKLr17d6
491,6ThLEtlcwkl7yHlutFAew1
492,2bggzz9pXyiafejwnGF3vz
493,15LOSQ3z91ZB2wMiMhiCjZ
494,4E5tbprdSRT12FzwD7vhWd
495,1vHeu2j2MpfMqqvcXKLtic
496,1vHeu2j2MpfMqqvcXKLtic
497,0awvW9Pcq2skIqVOUdk5wX
498,56Tci8VFMXjEAx6pCqVbP3
499,7MiZjKawmXTsTNePyTfPyL
500,27O9FuS1UIm6ZyLplgLQAH
501,6Gx3Ry4ORogdMibbdITOuN
502,2Sfl7odHUmG7qc8SbqUyzE
503,0nrWZWkJM62ftQJSI8fDc0
504,1k7KigfkZh2Xb6khqV1a0K
505,1z9kQ14XBSN0r2v6fx4IdG
506,2KTdmzSdPipwFYdUdilmi3
507,7jRs0CvNctNBNH1roANQdY
508,6JvfBzqZmSiEG5MjM7OcSY
509,1kFpL1itkwkdhO6kcmNJra
510,3wLtYwtqvKK2ewelSVPeDK
511,5HJId22hZ2IvFnvNSy6ZbE
512,4heFQCyiW0RUEX1Q1lb008
513,0eUwuRuPBzxhU9ApFIcDl2
514,3d6p3pw7GjQaFk6cp9JLhH
515,0Ms1V2flsPzr2bVqImelCB
516,22mQXNE0nCuWq4yOwcadIn
517,0rFQ5cKYJ9WtHSKp9sxVYt
518,4haJoBPbPj9QFKNpp9e8kx
519,5lDriBxJd22IhOH9zTcFrV
520,7nJZ9LplJ3ZAyhQyJCJk0K
521,3a5MluMoRsiCXkFaxT6JNT
522,3dvkiMKCohgAK7FqeBpERQ
523,1O9DWF3578RHMxZg2nLPeM
524,0fsz7tJ7UKXT9hliLfO7aE
525,0SuJEvig2vYsCGLA4lziIu
526,6Os4eDkEJjmLa7LJlQYNCl
527,7vDoJnjILA0pDLUTukwHGe
528,3oJ7NaVHfhZBR0Yl9L3AhF
529,3XfnssSD9HMQ9LhVOJvXTE
530,56RfNBJGUgL1ZFCB1KEJrQ
531,1rMhSXlHjiPTBumEcaQ8H2
532,1xUZ6CgfpXspcQuEIOhf2v
533,3ikf8zLuO1MACbNFfDvJ12
534,3iOpiHDobxZO7S4p9Y2Fgu
535,2KvHC9z14GSl4YpkNMX384
536,4UH4lWuTEs9r8W0ZkJ5heS
537,6MAdEUilV2p9RQUqE5bMAK
538,3s8Anp8dKObIw8Zy8uGgYC
539,2chi4tUxgiyFdZabRUQQwo
540,5BQrp63SHCVf4bzCzJePne
541,3k0466XwffkAS35ofvbg3G
542,5aEW7hL4yJ3StRw4x9ZLLn
543,70F5cNOc2mvAtV03yRKwId
544,5A3fPy30SN2wuzrahpcxvV
545,5A3fPy30SN2wuzrahpcxvV
546,5pKJtX4wBeby9qIfFhyOJj
547,0NG5gJzPHjYeQmqcmqfopN
548,3zIG0WuI5RoJsFYnErkFDU
549,2lYTJK94hb0fd1LQtb6Dhk
550,06TuMCjDEYjTOJScCRzmjf
551,4DLSN6f2Cp5eWIa5Vfn9kj
552,3cIDxHdvGL0e25GUkUJEJL
553,0i89E9b0jsWJN3dm4drTHS
554,2QhURnm7mQDxBb5jWkbDug
555,4SYMibQ93bfzOk6uzkF0dO
556,202lm9YX5WmAac83tOGlVn
557,7bXGQ5wTjtzKTlJKAmq2wR
558,3IiHLw4QJVKoIV6bhGpzOv
559,55fNwvY5YPrQgndjwBywM8
560,1lsBTdE6MGsKeZCD6llNu7
561,70We9AqHenA4jcmXmKzJnZ
562,67FjUdrh4P0MrRczCVsbIT
563,62ZXL1CWLJDiDWUZUhfLfU
564,44CZRkOxv7UItaAUmh8PgN
565,4SWWe2OYC4mqf40Gc2RSdl
566,5g0XcG0apQTlO3X8r38vGf
567,42xmT5zcFAhCKfkLjpG0bv
568,0ofHAoxe9vBkTCp2UQIavz
569,3tIosTCaD7OxaqMmNMqK39
570,0RTzJVkunbGwuRjXDFHnjf
571,320ePMZ8X0ugeffZk0wNzY
572,0OgGn1ofaj55l2PcihQQGV
573,3FCCxdjUyPVLUrpCL2VUwC
574,4objxuNfJlJHomkRIPa2Y2
575,78QR3Wp35dqAhFEc2qAGjE
576,2Ny2S1Qawr4QpzeuT62qK6
577,78QR3Wp35dqAhFEc2qAGjE
578,3aaprwVUV6SacmcqZF4I99
579,3aaprwVUV6SacmcqZF4I99
580,2Tv7qvpjiI3xnHdvBtGLoZ
581,6sh5sL3xSMDDTot9ZpRUmR
582,1i2t3VyIcsAonPhK6wjuJp
583,1f5cbQtDrykjarZVrShaDI
584,2dwoqUYTy6SOy1dFqcTndC
585,6tpHfEM8eaETzlPOARYWfZ
586,1G4cdOtF36ZCs6i2dZoC87
587,4Dn4S9ZvIaOKIcXSfIMJTn
588,3yppetp34X4L7eqqrPGgSr
589,3YnwIp2b99p3e5dsFTXIIx
590,47pdULAFh3PX032pZr28f6
591,6KuqAtoeVzxAYOaMveLNpH
592,18xmRkPWE0sGUzFyNNAAhN
593,68L8s05DLPWaO44EfxGRtH
594,078ZtqDzo3J2gPNC4tgQiq
595,1CThXRPjFSZZuKDjFtUusq
596,0d2iYfpKoM0QCKvcLCkBao
597,2CoGeoKIHd0dCwTt2cNA2L
598,6j7fobMzagIA3dIr8bzY0J
599,2eOknQqOd3z4L1gpYqcyAD
600,6Wo5YxkdXgwzKQZbDg2r17
601,6WGzckjnXgGvcTmCcETgIb
602,2SpfMQ5TuKsMj1trNwrLVA
603,2vvdTrdryjsl8DmPIMDWZU
604,2kcc5humLS6PKOI9rwvXex
605,38mCl4EuWhML4eaZPdNQ3a
606,2XVilv6s9GETnw9PG4T9Mz
607,4W0wSLXqn0L3XneeBC344O
608,5N4erncE7kuUccm7zEmwzk
609,3szf2z1Cy1QMrtHrbn8rz9
610,3yMem9r5sAf6qYnLfORjle
611,3f5lA8nnc4YYF1qf78WpHw
612,2ZvD0uvnaWOFMfY0zGnb8X
613,6B3zy3LOKHndqsviCr2z15
614,0G9rmRmQDFk9O2tzZLyRkc
615,5Psnhdkyanjpgc2P8A5TSM
616,6GAzoy3TmK1YpP2jtnKPon
617,1uru26I2JKd2mQZt0MDCUe
618,0w05EANAQs2Cf3xj5daRPY
619,0w05EANAQs2Cf3xj5daRPY
620,4nSSZHI4FUIiQOJELTTZdS
621,79XrkTOfV1AqySNjVlygpW
622,6kjKRa91zikS6ZOL2Rt1QF
623,1Wolb8MRcXR2IMMaELTRpE
624,7rvyVWja33WG9R97oeJAjx
625,7L8hkKW4hnemNfuOfEZcle
626,44KKhCyI0BGS6LvVyDqJtH
627,2wRkBumdItthjYP9XknImg
628,2OWVCFTolecLiGZPquvWvT
629,13QU8HBEBaSTZGq1HzQe9S
630,13QU8HBEBaSTZGq1HzQe9S
631,2E5e4J3nm1LMHkqTS21Dlq
632,6mvw8cIIprcE1ktKQz5yxo
633,4EpLU30bi1KNWkBTfgZkoK
634,1ttPzkTSpQUFcEGx8bjerL
635,3vn8mkGNl62j3Amny9vcwT
636,3GVkPk8mqxz0itaAriG1L7
637,5ASFhZRvMbgqRZJtSmwzex
638,4C8gET0YDJU473cLC3rYIG
639,6GrYromsB1qQzMEEp395FC
640,4EAV2cKiqKP5UPZmY6dejk
641,3ZCTVFBt2Brf31RLEnCkWJ
642,3ZCTVFBt2Brf31RLEnCkWJ
643,5xTfBHpJTpPk5Wk1RnEe3M
644,0EDM6J5Z4au6l7e4LUJ3Zb
645,4PyOAu7eZayQEV3ZrhDgK2
646,5ssuMBqBwZbxN8BCIX5sLo
647,4zvHZWOGyL7WcmqHOgtGCW
648,27c2kdskfeM1j3keQ6z4hB
649,2WpSRYU2BFZpDFpbiOQjVL
650,3oYod1daHuFMb2Z0FG79OE
651,4xoRCA4T43z8s4hy15Onv1
652,0X4qq0H9KW3RxHudQp3p5u
653,0y4YmA9UGpQnWdIFbWBHu0
654,17uivGWu6kfAvH6UgR7j4x
655,0OlwdaMC1Xn0cb2Wm4begv
656,4eAwB5pnKFTmsgc3zWoYO0
657,0G2Mewlxqzz4Ua3OBRyOZe
658,343YBumqHu19cGoGARUTsd
659,3wFLWP0FcIqHK1wb1CPthQ
660,4aOfGPo1ZLOTZzKmJg7KIH
661,4TnjEaWOeW0eKTKIEvJyCa
662,25qfFpoGhk9Njgu5nl36sS
663,3t7PAG8ByriTrDNWSDCP1x
664,0FRKALsvZ01GkcTPgORiwZ
665,5EYBryPOgIEPB7r5QIy6eG
666,4TnjEaWOeW0eKTKIEvJyCa
667,7A8zZJxDcfdik1ZgCiC0LW
668,4jvjzW7Hm0yK4LvvE0Paz9
669,0Y4hwUppbGc8aIBmiTz30A
670,35Xf2ABjPzUXKz19akd7Jj
671,6dCh1iFkuJAB8i65X5hhzs
672,74gykWHknHDrg4eMdcmdRq
673,3ugrGR9yVmaqmCnDx8vYN8
674,1ThmUihH9dF8EV08ku5AXN
675,1sFstGV1Z3Aw5TDFCiT7vK
676,68NgLh3zEcu6Q568JGtYxS
677,2SC14LGDbRWRlyLg9Wupa0
678,3c5gLGgwRrE7sQYSNHCXEj
679,7rOv6HovIJvYHXCg0cVfTk
680,6QgjcU0zLnzq5OrUoSZ3OK
681,3aUFrxO1B8EW63QchEl3wX
682,1Ze0nMoP6PY90k4VjInW4T
683,2OLhQ74NOWxtWzycqgcLtS
684,6lZe9DbvrcHZ3Ot2O9BPRc
685,0T9un1tCka7l3lwsJmmLLU
686,7p4vHnYXkxlzvfePJVpcTr
687,2l8nEO0vsTRCRnGqQty6qx
688,4VmIqdbPsBUMAxCf2nnLD3
689,7xrwGUa11hnnxXWeTIzcHf
690,0Z1nbG2KOuRKntstSAkSox
691,0oFqlgK2LJ9eMlpGBCmRvf
692,5jSyITYVIfLOZxCPyJrKxh
693,1L3NV7VrCiuE8C5QlhdeQL
694,4CJiAsRwM7MaCgWlnFaSRz
695,44Du2IM1bGY7dicmLfXbUs
696,5Gap4rp2OPWWYxi517OG7L
697,5274I4mUMnYczyeXkGDWZN
698,6VzcQuzTNTMFnJ6rBSaLH9
699,2WP8G2pdddDmnh1xbfKBOI
700,2WP8G2pdddDmnh1xbfKBOI
701,3GGkqI7lQTP1D6CtymwnHZ
702,3GGkqI7lQTP1D6CtymwnHZ
703,2GJ1xx5ZoeIJYbQKLSpoZ3
704,3DamFFqW32WihKkTVlwTYQ
705,3DamFFqW32WihKkTVlwTYQ
706,1dUcOJpZ7xpkNXf4fQ5fEn
707,4A5FLaZI3Ni5eT0c9fqi8F
708,4usVYcPlxRgRet6YashdCJ
709,5rFj8OzffT0iggSjcBaeND
710,2bBQg0zLuhXcVvqSSriawP
711,27YD36FUikKxbp3bKSiKGZ
712,66dvcPEA06iCYE6Xy4gcnU
713,31I3Rt1bPa2LrE74DdNizO
714,2xyBvir9n474qfsOkxXMgx
715,7xfo9csQ9xvv8f2mL7sp4m
716,02XCcBAX6YySZiAYYZH4LH
717,1rlIrbWboTRGeKfHhgbJRZ
718,2YdU9FRM7fYiZ9B2KOUIpl
719,6r7ULK6c5CLVvImjTIztl1
720,3F6dDV4voQ5OTTYpzpIVYt
721,37DVuXUPIFPsYBmr6hBoxA
722,5b7OgznPJJr1vHNYGyvxau
723,4uwjbETqbMihCuBxGhUdgH
724,1gK4D83DSL023cYBsuhIQV
725,5ypAJ8MHIMVWsWdNvrhxQV
726,3tZs3nVjySLbL320lP4mvs
727,56mCGN7S1druROilPGNe3R
728,5s9ZfQasBGM8YLNAhXx7or
729,47StfXJOnGLhYfMEWgoTiX
730,2v970m12AKZkFSEno9TPzt
731,3SuFDy9Ku3QAD7babYLhtt
732,5HqyXuSH2Hi0t7KPWYmT38
733,5HqyXuSH2Hi0t7KPWYmT38
734,2ZlCGeK30BLRNSPC832pNZ
735,2ZlCGeK30BLRNSPC832pNZ
736,2ZlCGeK30BLRNSPC832pNZ
737,46zJ3FTTeK48LESza15wbQ
738,1tKvqOrnJ0zhAuFS6yfNTk
739,4S1VYqwfkLit9mKVY3MXoo
740,6hSBGp2QEP8ogJQqF60UYD
741,5jnZUl6PwWB0Maze4kDJfC
742,6JxSVs7tr3wztNL3sG0yUH
743,05IyD7K9Q4lgu8W4Xfi9Lx
744,0Glh42DIek8efOESUlAcwU
745,3nhzPKCm2yqGmgEhdAg19u
746,5CdJveJgiGXoGwDFqF6afp
747,10Igtw8bSDyyFs7KIsKngZ
748,0DJYJ1LFYk0TEni2RY3yk0
749,3tyTt5pEWblt96j1HsXiV5
750,1Nt5D8dtfIjovDpzWRhtXX
751,7GRTrWsP3yo2Fx8umJfA1X
752,4LeJfeJ9u53QLp997SRhim
753,7w05lsU2VLSeiT8Nukrv5M
754,7w05lsU2VLSeiT8Nukrv5M
755,6GRfCWffkEG93zyUJ1kGaM
756,6NYkdyVJN5ynR5eqkSLazt
757,2jBQmxZpQxF8jJfEdjJ9Qv
758,6jLzD3MKPmRp58AWTTQnBw
759,660eekzsNZ7sdATvfIsAkR
760,35g1pRwhJI6Zry9oflNX08
761,1AOXIPRhIw7AaN2dHZ0ZrT
762,01IQ4aQgOf0Kkq3a273hmO
763,7zLRffQwJIA3o5UIHKIU48
764,3cI2vj7XCHVoYqdTfEjlHk
765,1UrZtZSwQFi4slalewKEtd
766,0h64hZdJCgyzYQD8oyNZIs
767,1LnvvETuCo3vqt1xC9j7J4
768,7iEoaTyBCqLaAwJnOP1BTn
769,7p656tVC0VZbXwUgCyZMGp
770,3LHYmz86DxGInsRp3wiiW5
771,0gGBye5WT5kKMXZczipVwK
772,0rynseLEBSzSb3IzBlxuD2
773,6bwTLoNvUPS3sdDb0zwhPa
774,4xigPf2sigSPmuFH3qCelB
775,6n6OQfBpCgzF9oEg8zhBN7
776,2XUr5R4NSpALxUwpPdqmwh
777,3CT6jsdInpVeqTfXQbZt78
778,3m2aDCqn8eT5ElXDUiboGU
779,3mTpegrOwRn0oJjv4TSbEE
780,20bXCMaPupQ3ZQlURtRR9D
781,7y6c07pgjZvtHI9kuMVqk1
782,6asKJPlXOTx6BLyGnEAagB
783,5iPMwRmMOyLe09VC4Uxkwc
784,7p2ewixAShLpjDZrnzZK7c
785,7lvZfms8Bh8QnThBmFTD7a
786,7u6DMPznGbpziuEgCE0JGQ
787,4qj2YNN0tiN0WxeVqmIRHC
788,7vgTNTaEz3CsBZ1N4YQalM
789,3CUovld1O1HdAOrkgMlvNx
790,1xIxMz1sNQ4b6svH1GuTtF
791,28uC3JDFpW3Y18EPU5hGAF
792,0VjTK19qMcP87U2Nc5tA5O
793,0c0myGBE4tomCo74Ipyr4G
794,7K0lR5Ngf5jkOWt1g6ut6l
795,0JjJGeUbFqCRe4nKNVCAz9
796,14SaZBTjxlorHJQxXh01Hu
797,5FXn5JHL50tDPMITGun9zh
798,5uK1WDVWhds3PSgKWB24yM
799,4esOae7i4rqTbAu9o5Pxco
800,1kvt3N2KmoSAunaEJNrgNM
801,1m6DIPiI6vkoCRoJLLcH7n
802,0SuG9kyzGRpDqrCWtgD6Lq
803,5sJpFiehIwRW0WWjfu0PM3
804,4rmIfFUZhhi9sS5IYtpkXw
805,5xpX9WrjPZyFkmaKonnzlT
806,145xZcFMv1ccyKBgEMtV3y
807,6hypt8VPJxeMXTTcRUHS86
808,75GQIYnRaBg7ndHxhfYuQy
809,2QJnTfMpNG05KFf2E3gVIJ
810,4yy7fOR3MB0n03QOPSgPH7
811,1n6Mq380gS2KLJ2ujispyw
812,3Y9Snctq3BOkNNr9E5RwUq
813,5OCJzvD7sykQEKHH7qAC3C
814,4ElNxglBjcrASiGn58t9Jm
815,2u37kqEVu012bh4bx3PsNP
816,6DCZcSspjsKoFjzjrWoCdn
817,6DCZcSspjsKoFjzjrWoCdn
818,6P2NcII68B40d0FoQGkrvD
819,2IRZnDFmlqMuOrYOLnZZyc
820,7CkbRn6S0itJqcqn88AtSV
821,6N7YkCy1oSMRsaZSoz5VlS
822,5RvIGHzCbZNphaoWG4FcsM
823,3BgL0IcxKAd0sukooPIVhA
824,45S5WTQEGOB1VHr1Q4FuPl
825,6x9VaGUbiSRvkLEdjeqjsN
826,45S5WTQEGOB1VHr1Q4FuPl
827,45S5WTQEGOB1VHr1Q4FuPl
828,3NmndGYOIYocA5OTHMVoaw
829,3nXrCAE44KlevAkQB2XWcN
830,19kUPdKTp85q9RZNwaXM15
831,0kj7MFeCOjWscbL1aZCZi9
832,19Fcrc0nJiwMKom00gS9SW
833,6hQ6epQn9UmAs2CwSUn0Qd
834,3NgcaTIgVh77DdwAInp996
835,2JUqYobT8NvARdPmc4ES2x
836,4n4cx6whB4gXfFAJ9gUewi
837,0bd1M9tcBw0rLRqlM0MvOQ
838,7gevvAspxft2qQmcvJjNBH
839,4qAHuJq5T4Q97EQZG47H0P
840,1V1NpX9DlBb9koXof9nIBF
841,0t3ZvGKlmYmVsDzBJAXK8C
842,0t3ZvGKlmYmVsDzBJAXK8C
843,0vfWzo75MKGYiQSiT5jEzt
844,79chzfFIIq7cHkqcYYORk0
845,27oFpFktCq9JIXjJQRuv7a
846,01JMnRUs2YOK6DDpdQASGY
847,01JMnRUs2YOK6DDpdQASGY
848,6oLANSb6vq2T5tIg92FxCW
849,0pNizrRmvu5S16fH6ccm0v
850,5PdhTvoNXGQHiNO1pdjiFk
851,2yQZwi1P8AkkxxFhQ8rMEK
852,2WexsKeTrtuPQOYdq0RLoB
853,2yQZwi1P8AkkxxFhQ8rMEK
854,2yQZwi1P8AkkxxFhQ8rMEK
855,5sKHRsDybtkw6lxufkyk08
856,7aJUDR4y5tVWYH1higXJIH
857,3gicyfiEVMGONgzygpWjNT
858,0yFvWTLs3iIwDbc91noXGT
859,3d9XTk4jxEejqOU8MsLyiM
860,6B3VHoemogRyAp6VokPNKF
861,5GjXMhZsT6cdfRB7nurGu2
862,3hv6ndi7uFT9L9wrhQCsqY
863,63J2iqaDDp92P1eZgvuELp
864,64gbzSMPloO2SNBTk3PG3h
865,16VQqrD8XTaIiJDCMStjxK
866,50BPyVoEgLw7xjDUHGelRL
867,0HZk0QsXPhMNAWNDR3rYE8
868,0HZk0QsXPhMNAWNDR3rYE8
869,3nRbOaWAsIEIUFkFRlYVAM
870,1s2oewEkFG9eF9Mq7MyvCV
871,5pmL3RzOy3IvGFaSDi4hZL
872,3t87C08isN6yw2DnWOorLm
873,2dpaYNEQHiRxtZbfNsse99
874,7nUpnjXtqjg7TIM4Z4QsmT
875,04MoJkJzCoU9ukeewv5Vzu
876,0VW7fwPOtKAkiEDKgNaZR9
877,14sOS5L36385FJ3OL8hew4
878,14sOS5L36385FJ3OL8hew4
879,5ct5gaiaobb1p9JmWluGFw
880,0sPJELXHyWpFgkxlzvvRFI
881,1Dp7JGFNjvg8Nk0CtMCcnr
882,3HgA5R5alihocnOYE9ihpS
883,1hHbmfNfXIwHyHCYO8ae3I
884,6gzIcEUuswJQGfJNPYMjjv
885,7Mcbk8CghT5wE6j4WfG2uQ
886,3EVwNrVchN0ohZAe9j03C3
887,6kls8cSlUyHW2BUOkDJIZE
888,6xxXrNJnnsQNLdgNk8S4y8
889,7gY3cyGcB2wnk2xDXiA0pe
890,4n19ENTZP5OE00UCQREJzT
891,6xKeAXx57GdiD1Upwemy03
892,6LxSe8YmdPxy095Ux6znaQ
893,5Ctq1DOZUWZqsQZXro2jf7
894,5NFkxKc6RO3qGuCdyVvKJb
895,4imKIkVUzP2Qmf4QeMGrPQ
896,2Cu5ExXidcoE4vF5hIYict
897,6kXNnS7JJz0nAv4XEwEmQJ
898,5EPvaeFspQrXoL7Xlz1SmL
899,6B9cqNooxIyPfr3P5EB8LA
900,1nmZ8yqKkfooOuYvtFctDp
901,1HXy5I3HTWq8OvxCn0z7G7
902,0C2TcipR9L15Hy6kkINmu1
903,5Pj48LJDnaHXtVhQEaR4H7
904,4S6fv0puLCsfYjyBTPDb9k
905,4wP9vFS6qutVoXcAGgbwUi
906,5bFym95c4l7Q7cVIYArOzC
907,0NDPfSOj6gQS3Xn2jdeivi
908,3cFWIhrapYb2VoNOUbo9Re
909,6dGnYIeXmHdcikdzNNDMm2
910,38nVuIj9mi5a8oopOJhSJk
911,5gA9Xn8oPts2aewPgxVkPD
912,7D7e6hm2LiNd6nLuJF6K9Q
913,22oEJW6r2rMb9z4IntfyEa
914,0RqzUS7AkBhQDrBxcGFeDv
915,24UGLsGfKHgQhGviBrbDdl
916,07KXEDMj78x68D884wgVEm
917,1rqqCSm0Qe4I9rUvWncaom
918,2U2Z1IXnmJIvlknWizFykZ
919,4ut5G4rgB1ClpMTMfjoIuy
920,6IhosQhN1ayHO4XP72XFXy
921,6oJ6le65B3SEqPwMRNXWjY
922,0dMd4rilfd6gPbXaLpNYhu
923,43dOwOq0mB4i6j4SpcSkqC
924,2E3QWynzpQgo1PHsVIq7ao
925,0HMjXBAZmSYOTTi33WpMso
926,6phY2gnvf9WwCiXlLMQOY3
927,1Mza2sr6tPhy6jjI3HB9fW
928,52Nsv41OsGVKSvHIAoFf2f
929,42bbDWZ8WmXTH7PkYAlGLu
930,4WnYuVFXe6Si4fZqkxbnvS
931,6yBbmHFTxihIDFAerzDMGi
932,0na8x6EOqjHsGABdB90TIC
933,1PSqUDVIzs87TqlETXg7rU
934,7sWRlDoTDX8geTR8zzr2vt
935,0iwsQWgtjSq2kUXuZwTDAL
936,0iwsQWgtjSq2kUXuZwTDAL
937,30RZAuEkYeDXvy46Iv6l7E
938,5C6uh95eAL0RBTSGXKQwvk
939,6pVVLXvKIzcOBj7uvoqU9g
940,5QTdOvIF2ehBMZpSIIGzIo
941,2ZRo7axmMPeSVUvDbGkJah
942,7IBSffWIu7P2MC7kMwy2FM
943,4c75xeSteTcgSSxRtsKqOJ
944,58TaFP5j5i9swOf584yon2
945,7H0NHzIEzCoIENLC2o8Obj
946,7Djhup0pJRq54FX1LMx17L
947,3uqez7AQId9NZ15UF9QW9M
948,67cpn8ZBO7QU67jky8Fh47
949,0grFc6klR3hxoHLcgCYsF4
950,1VccakS3c7IZSZlkKsFOwD
951,3OcQkcvTcohs8vO8Rd3sKF
952,19QVXLLwMiIHAGjZHIWmDP
953,3NeiYiBn3rQBgurfVk92Zm
954,7pVzUPjJ83QojsVcOthmxP
955,6Ju28M6P8Y8sLjBgWjyUUD
956,39lSeqnyjZJejRuaREfyLL
957,19bzCjckArU2NZs9Ue3Dc2
958,0i0wnv9UoFdZ5MfuFGQzMy
959,1ujIGAJ2sp9ZXJVnZJxbQa
960,6NqbN00vLmWfrQSx2wjD4z
961,5p7GiBZNL1afJJDUrOA6C8
962,58nmnN7nqT3D9LRl7BrLXH
963,6QdnKD1zwEgyOWtkrdzlOF
964,3WefHNGtjexZvi66ZEx9u4
965,28J9JZ6boWgzviW7Ut3TMN
966,7I3skNaQdvZSS7zXY2VHId
967,1SGVOqchDwrBehJIOnGuyT
968,3LN41NUdHkyNqQhi9gExMm
969,7pgcvWZuYmIufGusuG0E1V
970,7iPlcFvOMOzt6v0QvcAueZ
971,4O1uCappFiU3bisYUdUBWy
972,4O1uCappFiU3bisYUdUBWy
973,6qgpBezjMvybos30jStS2Z
974,6uk7QQiWRDjPHSiSMZlez8
975,59auNCL6Q3hx7eT7bwT55O
976,1vYh9x8UmFTLbXiizk9Qc5
977,6bRT1zoCrrdimCPlAXqi42
978,16nIdWPjwoNTkADzm6nwBb
979,1bRO28yzxgO3y3UmNR29TZ
980,5aj0xPGiEUN3aI2oOYu14S
981,3NSmC1EQKOdUe6KhMrDDk5
982,5rQSqi0fCQbGPzoXxqDntO
983,3yOs8FffuG6hPbzQG9lIqV
984,3yOs8FffuG6hPbzQG9lIqV
985,1EWKuMkjiVrHRoqAquXVfL
986,5SkmujpDr4CG8Yau63GGNh
987,34TY5bMvFrfPlZ7jqeGxi4
988,1MOaO6K6N4U55utUuudcwm
989,7ArrTJ1LwcGAlEO65LUQ7i
990,225xvV8r1yKMHErSWivnow
991,6TRQPx5Z0YZ0pCQX7JbtlS
992,3CAqTfkRgmImhxYDjyL6S7
993,5Yfq9uugLFchtFymQQWxgt
994,5haXbSJqjjM0TCJ5XkfEaC
995,7uvDJFly0TCWWsK48NI1fx
996,1RHuBRoACkLRo2vjGqFCwf
997,58q2HKrzhC3ozto2nDdN4z
998,6ixQbkr2PML8rpFTpaH0hc
999,2EznBGrlmx9wBeYgyDojsA
1000,4S8d14HvHb70ImctNgVzQQ
1001,6CcJMwBtXByIz4zQLzFkKc
1002,05SBRd4fXgn8FX7bf8BCAE
1003,5B47BFhAuIzJ6ZwxZPVI1i
1004,2MuOQdl7uyEteKYCQtG4XE
1005,32UJH1F38AMSjZilQyBzOE
1006,0AcHbiMs86CCgprvc7E1gs
1007,0yhxBvedRdGxsPZHJNI4VA
1008,5oDM9YSQIlhuWa0awHF4Z2
1009,18W92Zm1KjLCbUIszOhpkD
1010,18W92Zm1KjLCbUIszOhpkD
1011,2VqKx3HH8gaZPabNWYvksy
1012,62hK2OalNLhutnAShdq8nS
1013,3dlCF1mzW1UKMOb4b1XN17
1014,1cKHdTo9u0ZymJdPGSh6nq
1015,5HuDbtxilRCdtCkC8ESofL
1016,3ga3cmO4mb9dMhysyJUEaH
1017,3K8tRD2Prik7FXbD8lZ6DC
1018,5YUEx98onJjOs5io2LHLjb
1019,3dXSVFWK1s0PgtMrAifdDd
1020,083Qf6hn6sFL6xiOHlZUyn
1021,4A7EkKijzA4ryEoCRWJzdG
1022,6Q3K9gVUZRMZqZKrXovbM2
1023,6Y4f0SBEXTCoGFPkjztpP3
1024,04ZTP5KsCypmtCmQg5tH9R
1025,4EUL6WeHpGltSOBSQwDWNA
1026,1X40brgUhO1VaZ8CHtKBnt
1027,2dgFqylK6gyILa4HY65u0y
1028,6BfOhpHADzrvKN2kMPTMPv
1029,58QBeBFcCbjVUCLgiUmeW7
1030,3qN5qMTKyEEmiTZD38BNTT
1031,1FmdAhS8FqRoEJ4jcSfuKZ
1032,5r8c96Zn0ZNHRecVKpFf23
1033,76cy1WJvNGJTj78UqeA5zr
1034,3CSKwWjZLju0klf9pHs5Uh
1035,2AIWoHr9DF6y4KALCBKWQS
1036,2kJwzbxV2ppxnQoYw4GLBZ
1037,0kCXl1osqLn1lPQGSyB9d8
1038,3Kw6Ac2nvp4vRj9UTs0pyr
1039,6Lst3nF4McKOTLSLuTvLhw
1040,3rGdqpn43JMpALFlC01OCE
1041,3i5qVV8azKqGFK4Gzdt5YS
1042,6bGwKHXHNLmTy6yt147FPh
1043,0KMGxYKeUzK9wc5DZCt3HT
1044,3coUcc0CDAHz2QwdP7Pee8
1045,01k24g94i1JvkFLQmVEdCd
1046,2l4300zfVGVWrIpXS4xhb0
1047,41r5h3EqsyILB6BgxwrPqN
1048,294chi3SdArbDNCwEY7myQ
1049,79NqxckK3lcOV0DTVXPuEE
1050,39LmTF9RgyakzSYX8txrow
1051,6GoLARmR2OZl2EldehFrsA
1052,3ao3OVxHlb3C08vAaApUlm
1053,2ZrAjMSmlbDIil0JaVgTHh
1054,6tPzKvTfDBA2Lb42qCrlRK
1055,2QZ7WLBE8h2y1Y5Fb8RYbH
1056,4QQNLEpCHjwovArZsDIUD6
1057,2G7V7zsVDxg1yRsu7Ew9RJ
1058,0E9ZjEAyAwOXZ7wJC0PD33
1059,0sEfomtr8d86aJgZxlfh3k
1060,6l26j7uCiDstBiYTuiaInV
1061,2sXGKXPb0lZq7CXGoSg3U5
1062,7sKhiUAsdwtcTcJggB1q2Y
1063,5FOCkGt7bp22nBVfQ4WSIT
1064,7l4u4dXMdXo88bq7pgbmgo
1065,77SvwoWoNeed5uWuxbyujk
1066,77SvwoWoNeed5uWuxbyujk
1067,1SOClUWhOi8vHZYMz3GluK
1068,6x5deYIe42rgRbStECDjYQ
1069,6cpsixIHI63L0hwh3CwZg3
1070,1wVUjggKup9hP2jd24gLSg
1071,4GiVcDqNQI0fc0yYuRGH9m
1072,7hzlzoOwCZ4D3Ow5YZK4kj
1073,3ZBSXNYdTZVaBUQI3E2rF6
1074,2OsWux5YbFZcC1MSTkUh3G
1075,2Nib4r0saYQf2pUV4RFDhl
1076,4HwDCXsMBC7SUdp2WT4MZP
1077,77KMttn3Lic7ZQKDlPqp8v
1078,77KMttn3Lic7ZQKDlPqp8v
1079,77KMttn3Lic7ZQKDlPqp8v
1080,1DhLaVjfnFL9okAaOp2gUk
1081,3ZSh3SK988wFeHCLbDNCFw
1082,3znPiywA0q1VK2jgAZFDoI
1083,5z4TlJ5NN7OQfEBq0InOvM
1084,172e82oK9vGoBPvc6SqMm5
1085,1Tnw0ItH1Macok8gblnPPd
1086,1KbQcIJWNlL0e9a81k1Fls
1087,6praEum1zQu5ytG0A413yh
1088,5ukbCSlWXCWimfHlajkhhn
1089,0bxmVPKnEopTyuMMkaTvUb
1090,2OdHXtqpzO1Dltkr8z54VH
1091,6At8zwn6DPTH1cqpVgQBUx
1092,2m0pzukUN2eFutFjnXNFXF
1093,2HmjAaMyTtHyDj8QLvqliK
1094,6z6IXculzms9CMTcPGlUsE
1095,3TgMcrV32NUKjEG2ujn9eh
1096,234RqTZmnDTnxWlVciXHLD
1097,0QsKEPcviDIqoOdtZvbixA
1098,0xYwbNvw4TburjOJYs0GpQ
1099,4XHP5B63UsW0GniEx7oMHu
1100,4kWO6O1BUXcZmaxitpVUwp
1101,4c2xt1trwYZpMqPWY35Xi9
1102,5uCax9HTNlzGybIStD3vDh
1103,5PTG6rrL6EPFD9E2QMI2pl
1104,4L2K7JKseFCBoHMZEAszW0
1105,5VfowCagr2kyjAQPyR3tqs
1106,2JmFRXaJrkAUD2cs6U20KG
1107,2hyF1YWdX8yxExvRelT9nB
1108,5mrOnabhXnvCf5vFF7NJhG
1109,7BooBD8k8ABLTFLzgxcT5G
1110,6Tt1P5CLUrl59oSOTVxON0
1111,1eftOUoeMO1JkSQQmS6jXF
1112,40ZQBmv6mvSM9y8SSVV4kS
1113,6prxCOgbXIV9LGNXOD80Oa
1114,27GmP9AWRs744SzKcpJsTZ
1115,1E1uGhNdBe6Dddbgs2KqtZ
1116,02Ygu8lo3qSknRpcBnspso
1117,2TkU9jzogblGW1Dv3G7SIo
1118,0v3BMLcwUmAwyqJaf5997o
1119,0q2e5jdjxFaaYRf49b1vLj
1120,4JtUz0ZcInSokkKBalijhd
1121,7JgfJWWVz7TIWWXgcc8bgo
1122,3to5UxKsozb4T6CfwHuhLJ
1123,2pE9IRjfPZuX3uUqFnE73L
1124,4DMKwE2E2iYDKY01C335Uw
1125,0oVMpJ8snTh1Ze7YzivEHz
1126,0tLBu44Y51Diigh27bdD3o
1127,3qmm9AdG0TnShv0drgXNIQ
1128,3qmm9AdG0TnShv0drgXNIQ
1129,3jZP4hvNY4ZTPOgmdw9l8p
1130,0VM5acl9Q1cPTZH9BvKI2U
1131,3NGqAMhYpoqF1tg0Bm8Ozm
1132,2QApWGconWQE8BjaNfh7ik
1133,57KKY8gqUqqS3YXYotkxS5
1134,0gm0OruZdJlu8jamJe5OCh
1135,14PlDNjNh3pXyHXzkhX8n5
1136,204U3zjm9kkzX25Pr4Rdld
1137,384Oc8MQzITdL2DGyCeivN
1138,6tZ3b7ik1QDXFAZlXib0YZ
1139,3yCMKrzcrwlzI7E5Bur7ea
1140,2I3dW2dCBZAJGj5X21E53k
1141,7GqWnsKhMtEW0nzki5o0d8
1142,1jo3TwNGCXfNdB5uba3ZVv
1143,7Bh5pZWryHBwxh13y7QTrt
1144,24vr7iczFZya7qZQlLmssj
1145,6I1EY5Wvad8WD0mVWDjka9
1146,50Hv5NZIM0puIUoBttjpfb
1147,51rXHuKN8Loc4sUlKPODgH
1148,2q4rjDy9WhaN3o9MvDbO21
1149,7jr3iPu4O4bTCVwLMbdU2i
1150,5783FVFtXJMM094CCdHPC5
1151,4fxyRM3Xd0w47grKzxVMth
1152,1ZzKoQHtSgnbcgLAGVbWpj
1153,2t7imiRcWrZvEfc8K3YtEh
1154,7IOxauZfx5l18mYfX0GZm6
1155,6C7ZgThn6Yan5MTZdAEEFw
1156,7yotKA30dwTKNEGomV9ZsI
1157,69k0zwSRej0rvIc2c9mLJj
1158,4YwJ6HP0ItgmrtKOHfQuu7
1159,5mu1uv8RmzDkF8foePK5qa
1160,29lmm5uP8mGDv36JdrF0kI
1161,7p83db7oriaCul8WzoLr6f
1162,5a6LuJ8FtdRpqCCPsT9RiH
1163,6qJmuVQMWN1rQyP2yaLnzK
1164,5FNbILqK6BTDR6qLeKQ9uB
1165,2YyvWje3cEYyqgYhNUIaBJ
1166,18WYpqbNvkCXHTeyN2WG8l
1167,7ixCRBD0FZMRBeOBhTu2KD
1168,1Y4FUedllg2jNVA5BRIwEc
1169,1fRaznZsAB2i63TtmYv2Hc
1170,39NDBdU5Xkm5pCFGa5kZtI
1171,4Whem9s6OoP7yFT60m2tU9
1172,3t5OV1asJHmOlf23T08CLv
1173,7LMhBkdtPEIj0mHQsJ4NyY
1174,0RC23Ua9z3HUD9ssrX2VGj
1175,45P9g6kUb7itdonjjGjDdS
1176,4EHoVmJIqvuFjjf06vqBYn
1177,5F51taSDqgSZhhEEBZAsQT
1178,0y5CnV2idm2KkQEudDjfDT
1179,1fvCggAYrW0VtCljtqv4h2
1180,3Cn1FSSTXeQ7hCfrbizrD0
1181,2ezKXygNO30pXyDQXkm6oD
1182,2ce4J8eyrjLRCQlmEx7qRL
1183,5YPdqu3RMZnFwzcjerbXsA
1184,31EqumBCMNGK3kt1sSL4gV
1185,78rJ1sCb3Rj27CLxjzL8xU
1186,0BYRNNNP4Uyb0jPcF0O8Mb
1187,6cX1iTffMIAU8lEWSOYIIO
1188,19979A0SB0uw7JOQEjuusA
1189,14mHfNsSHN0FbLftyjrV9g
1190,0zXXqCxifU2u8jfW2r4POb
1191,5HCXMBxZIVaVLXpyoqPM3g
1192,6Q91HCaRZ8XxieoPq2Quyq
1193,1KfrNg09YNI1sV7oNguaHY
1194,1Knctxx9vGZxpZfF66BIEa
1195,1Knctxx9vGZxpZfF66BIEa
1196,3B168KiYLmgSXEK17aaOgX
1197,0ZTjo2BjVAicpu6LRusfeg
1198,5JoV39MFYbvWZwJlxq2722
1199,3wwo0bJvDSorOpNfzEkfXx
1200,2qxmye6gAegTMjLKEBoR3d
1201,2qxmye6gAegTMjLKEBoR3d
1202,481idAnpIOHEjR4YPsbA0y
1203,28nrOocj11pS0UVH2VM6b5
1204,6xtcFXSo8H9BZN637BMVKS
1205,5ubwXXOsH9bUhZsQ0Cybha
1206,2uBhGx3m5iJrtsql8Qk00j
1207,5t4VSTxtgOvcAsk5FcKnh7
1208,6GzApXoBQiiAjak3tOQfV3
1209,3vCzerngFaftC640dbuh8B
1210,4Vxu50qVrQcycjRyJQaZLC
1211,2kE1kZsviGocAWzUqYO7Mv
1212,2bSk87AVkCIIC3Bcligq1z
1213,5rYpwP1dHWGVMrSZbTmt3e
1214,00oxpDWTun5bKn8VYuPiyd
1215,7nUBKIFijTXrZuq0k2nsgZ
1216,02DylNP4HxYaYMbqM4dGHr
1217,0Zp9nCq2j9AXJoZ6mn3kzF
1218,3uYDO9dPLTVrgfwg7EYXSf
1219,4jAIqgrPjKLTY9Gbez25Qb
1220,0sdbFOyfgAhAhWq8DpzkaW
1221,1ak4qfZFxNy2Sg2dow5hQ9
1222,3dFR132gzO8jxD57R2gid3
1223,1060gzllf4b0UETAXisR5l
1224,7z3dPHwGxeK4fD6fYFDwiS
1225,6RnkFd8Fqqgk1Uni8RgqCQ
1226,6RnkFd8Fqqgk1Uni8RgqCQ
1227,3fMKnwiByu9yfeD5ISn9Et
1228,4EivmOT13NMpNSfTKn9p4s
1229,2IssBpPtHcViZL5vYQNHhA
1230,4iofzIDFis7aqFmcToJJHJ
1231,32P4qhYWGe9XEQE2XGgfdP
1232,0lks2Kt9veMOFEAPN0fsqN
1233,20EmzsRBgZSEVbZWp0fqtx
1234,0p2HZtrsoJKgIYVAx0XDA5
1235,2zWxPpMXAY4RTxxFnU3Vx7
1236,4VHhltj6aUxZJWnImrXDhC
1237,13zhyZhlM0VzUpEW8aShcp
1238,0y2Zvt89QMAZ9gEYvB5hpO
1239,60eOMEt3WNVX1m1jmApmnX
1240,2FHdoPa5aWaAmjuf362KJ0
1241,1glJzSUiShhraXl8zjgD22
1242,0xfgIPgJLvhX1GTQUxq7Lh
1243,54K7AZoGpQklpygKrxZlKN
1244,6nVm313QmsPlNllntTart1
1245,7CKR3FcBqSsGcgce0ECe1z
1246,7LH2UUuyMHt7035PLZQ8wx
1247,2VVqxQhALecXvaArlZSVXr
1248,69o00fGvsei250jH7bF781
1249,5TI10v8sy9VPp5YhVRVK1f
1250,5w5fbyYHo5129Ce4c7qeWa
1251,3420nZEhm99I1bLc6Yx4XH
1252,7A0IJM6FR1HQphfdfN66pI
1253,0AbscoxNUBOrmEpePPEVb7
1254,4qKcDkK6siZ7Jp1Jb4m0aL
1255,3Ol2xnObFdKV9pmRD2t9x8
1256,3Ol2xnObFdKV9pmRD2t9x8
1257,6X0B2Z6ce3aPosw5osmI5p
1258,3UUPQ4sAtAVnkcaSr06NBi
1259,1l9G7M8gNyQsgOGWZGoQsT
1260,7epGknfpAlH1u33S71Ur1o
1261,7epGknfpAlH1u33S71Ur1o
1262,6ho0GyrWZN3mhi9zVRW7xi
1263,3GZD6HmiNUhxXYf8Gch723
1264,2bQxqezLVNiJVeLO0RWPON
1265,66wFe9EnlHzWEVMKaqvQSO
1266,3DrRtOEaOMZtPYnPCkUSIV
1267,0lG6QM1jjbbX5UUn3DPmrZ
1268,79esEXlqqmq0GPz0xQSZTV
1269,77hI6DJ12C9WohWk8XUhto
1270,5KfKPfX5cZvOuHoy9io65A
1271,68449VKGwYShObwI2UFdFt
1272,3cWI6Hj9LQ0MfMuhw9uSMc
1273,2t8yVaLvJ0RenpXUIAC52d
1274,0u2P5u6lvoDfwTYjAADbn4
1275,5yFi22xR77stmM6Xshg7IH
1276,6uVzeU47Qzg0rrMneP5BNg
1277,1IdNGeJiTPdOiF6fsXGWns
1278,3K6U7TamNyVSWcFH8pCQHX
1279,5F5lmpwXkxAJtvZqEguTRo
1280,04CyO54TZk5tEylFg2Df41
1281,6WmIyn2fx1PKQ0XDpYj4VR
1282,7LB8TPFU1YJz8v4xoxFvEm
1283,45Egmo7icyopuzJN0oMEdk
1284,2QOGcpJlcCshoYT0gwvnyd
1285,4e0FYxSROat25pH16zMTZI
1286,5VSCgNlSmTV2Yq5lB40Eaw
1287,2WX8QMtZVO20ywltD9BoeM
1288,5BCwU5Bdcr3g0GqrqJ3FWg
1289,3yt5gznE6jWtd5KFYD3oBW
1290,0E8WJOFs2eWD67USh7C6Qd
1291,6qAzAmPBUpGrk7XADZHR5k
1292,0yB4jrSwN0bFtFRDR5vyMj
1293,2JqnpexlO9dmvjUMCaLCLJ
1294,270aLuFCbX32hhBr8MQyPM
1295,3y7P6EBYKZ2vHr28jqpMrc
1296,4XWnHzCRfRjaHRsTNeh3WR
1297,7JEUg9KqmpdIE5Nbb9ss66
1298,4UuGBDjt8gLXsANZqZxMBz
1299,52MNypbTWiwybwzhXvsPk5
1300,50kpGaPAhYJ3sGmk6vplg0
1301,1mUJCodnx6FNQ3CeHDLBBd
1302,4rKEmhNA19JezqVsSQS4yo
1303,7szhY56rkD20Ai9AxJaicE
1304,0u2P5u6lvoDfwTYjAADbn4
1305,1OWSsdbAXFyPDo6khogqAW
1306,7EiZI6JVHllARrX9PUvAdX
1307,3FEaEGTxYtCOaZmYGTx4LT
1308,3I3u1ToIan8l0FKA7wV1QO
1309,41Zl6ylPqRfIMTrvPAMa76
1310,3YwnbkVQ2LnUqQXon6Ga9W
1311,60SdxE8apGAxMiRrpbmLY0
1312,2vBiZ7nBe0OqTZKWGP0s4K
1313,2vBiZ7nBe0OqTZKWGP0s4K
1314,4vKltMFviBKMdhYu3FDLY0
1315,6dJODklApmve5IzgKWUqV2
1316,6dJODklApmve5IzgKWUqV2
1317,5gWtkdgdyt5bZt9i6n3Kqd
1318,79JBjIq90BrQ8Ws0pUhlzD
1319,2Ul7yRZaxGcWCzQg7m632Z
1320,22oEJW6r2rMb9z4IntfyEa
1321,4IgP2sTH5RYOpx9gbHQyMT
1322,3bNCifwGPjqeeqzpjrFG9k
1323,5NqOsPI4rA9Bl6LcCftzI2
1324,6zGTjEZ2zpLbl5Ij7vzTsi
1325,1k9B8MqhGKbVV3dTpwUxn5
1326,08E0TIudwefGjA27W4zrnf
1327,2EhJijFUs0WUmNClDBpYJq
1328,23vpjrt7G0ERE2L95dyxdI
1329,5gW5dSy3vXJxgzma4rQuzH
1330,0AYbVoeF03NYhM0fvKjAuU
1331,27356GVuMPFWiJSZCragoM
1332,27356GVuMPFWiJSZCragoM
1333,6H3Wa6hWR9DRMzMSd4pZkT
1334,0ZHILXmUaVSLEOCWxPQ1ga
1335,62o8KoI44JfN7aYxgTnPvh
1336,1B0BQaSRHxhI0AUlItY3LK
1337,0Eqg0CQ7bK3RQIMPw1A7pl
1338,71WmcYK7gru8Ka7Tpicd6O
1339,2fSW54bA6x2iWePU7rpCiP
1340,2fSW54bA6x2iWePU7rpCiP
1341,64IRsSyqwD0CBbFAfrR0rT
1342,3RauEVgRgj1IuWdJ9fDs70
1343,2xfPdbWVd76RDhxUPjBNba
1344,4KTU5aa5s547f1JF5DImhF
1345,5CXS4IGvQ985BJ3RDqFPVw
1346,0XuzMyxDpctWWdJZLqZX5L
1347,060RNnzoMay3wKJek1faPc
1348,09lmraDvzBT3pUQ2rUtJzK
1349,6Yqmv7XJLCrQEauMbPGZSw
1350,6Yqmv7XJLCrQEauMbPGZSw
1351,6x5LBP3nYXVdIDoomChGr3
1352,6OG05bPAwUuV3OMvy2Vy1P
1353,7oQmHEWjgoGGIGkOIff0Va
1354,1UIcqXAA24eg76EFWViwr5
1355,2a05MFdR1vtm8QVKFs1SGn
1356,2WTxIQ0ufU7AxT43ZKpllY
1357,3iOqivy61CFqjcvAbcAU9u
1358,1Qa0Y05al633fG8f9Peytc
1359,3mKIS7svYfwxiwRWIi1tmK
1360,6jMbPsH6lTOLs5n8Af26AG
1361,2AY1UAimvTqjJC8vDJsOyy
1362,6048PvsVSiBbJnljc22wQJ
1363,0t4z0WaQomQqPONghWn8c2
1364,5Xhqh4lwJPtMUTsdBztN1a
1365,5Xhqh4lwJPtMUTsdBztN1a
1366,4ggiDYAkJ7Yk8d5xOr7Xjo
1367,01ECYyqU9hb7UxONK4BiGB
1368,6XddLa3bdlJJQC6sImufdH
1369,40YcuQysJ0KlGQTeGUosTC
1370,0OgX5NA7KFx8FCr5W0HYl9
1371,61nCSTWibYpmpMnGkcMZDb
1372,1OanwtMB8mJvkHMkjJYI2a
1373,4etV43Qb0OBbMcxiLDVwSo
1374,2b8fOow8UzyDFAE27YhOZM
1375,0AS63m1wHv9n4VVRizK6Hc
1376,2hzMLdIp8Q48wTZ9yqc4bm
1377,7EzdQnopwog0YWUoRBEowX
1378,27xFMBWh15wyYGGAVrEMuK
1379,116H0KvKr2Zl4RPuVBruDO
1380,3B9vJvi2Z6ws4wjNTQMYAc
1381,6ZUBqOrjrdmkP4eLQLBeaq
1382,6ZUBqOrjrdmkP4eLQLBeaq
1383,6ZUBqOrjrdmkP4eLQLBeaq
1384,3GxGAhRowXixzk521JQpZu
1385,1DpozPCjfREUoHgic8dvIw
1386,74vs7PD7iG2GnWUGnb8Yuq
1387,09IStsImFySgyp0pIQdqAc
1388,6TodWdTSDfzwgYynTZSvJn
1389,20FZrLl9zSbO9b3DhaqO6M
1390,4nBcGqwztDJ29cyHVJtXsB
1391,43YQDj1KOPMFAUcTEPKy4p
1392,4qQj5RXJk7zaz5EUIgs5y1
1393,7uzmGiiJyRfuViKKK3lVmR
1394,7uzmGiiJyRfuViKKK3lVmR
1395,5uLZ3YIQGC0mOk6q3lJ6Ng
1396,0ijiuWyVbNzg6Kw1Z1BVb8
1397,4rHZZAmHpZrA3iH5zx8frV
1398,1SyHf758OvYbPqewRGDznd
1399,5mE2RcGPPbE4gNoLB6FYPf
1400,3pjYExKIk9vJJu5FMtAPDH
1401,4WSbFi3yvVmaS2JGYu0h7P
1402,4WSbFi3yvVmaS2JGYu0h7P
1403,7rC5Pl8rQSX4myONQHYPBK
1404,0gpYL1he4OGJxv42tT747l
1405,0dbTQYW3Ad1FTzIA9t90E8
1406,0dbTQYW3Ad1FTzIA9t90E8
1407,5ry2OE6R2zPQFDO85XkgRb
1408,1vBeIXlzbAieGoDqInav5j
1409,5jEcSol3KvaNc12SMyQcOu
1410,2tl23RrczaSyVeiCwWzVDs
1411,34GJybXFC4pFhRtk8JtAGv
1412,2UREu1Y8CO4jXkbvqAtP7g
1413,3xZ9W1VCQYMV7Vq8UV2lAq
1414,5UKDiwcJsDRalaJBSHoSbZ
1415,55UCRHfezMCFfbGy0tfjTG
1416,55UCRHfezMCFfbGy0tfjTG
1417,55UCRHfezMCFfbGy0tfjTG
1418,54okYiE93tpnJ44Y7NLL1q
1419,0JP9xo3adEtGSdUEISiszL
1420,0JP9xo3adEtGSdUEISiszL
1421,0WkapTWP1Z1kJqxj2Hjzcl
1422,1gVgkQFOKa8Wc1HYsJtPdH
1423,01vv2AjxgP4uUyb8waYO5Y
1424,79LAFAkR1ATb4iIQvZuCL0
1425,2WyRfGeHo97VC5mP1BBSzr
1426,1AT4xjNarTswd0UZ5FlmKF
1427,5qGizZYD1lbhGFdTR1yoFv
1428,5Z6UMh8TMzxXslMc3bRXy1
1429,0w0kClmKsQz5A6OecdwhVt
1430,1BuTNbYxxFYezD1tT8AJR9
1431,7LcfRTgAVTs5pQGEQgUEzN
1432,7LcfRTgAVTs5pQGEQgUEzN
1433,2c8uFASaLQMo9CLkpb1lDo
1434,4tHSehqtEM6UJLSwnhrARi
1435,2PxGGRmj5yunYdNF2Ud2vm
1436,7q8cy4uoA2itYATsKeXhcq
1437,4Z2s8VRI8WEZyU0xeqnlJD
1438,2BIwojQkhQYB5lPVoqMXTo
1439,5gW3kI83886nVV9apaFLWu
1440,5HeKOKc4phmLn8e4I7EkzD
1441,6d1omo9yebzWfbjZLKA9lN
1442,33q4ENIRByGmdKeRWoIfSm
1443,2C54bVZYy3pOlctZPDzQZ7
1444,4T7cJdrTRqOBESPYfvfj2x
1445,2OFrAsP5Vrcb0DtsPNsm54
1446,4NeOWqHmlrGRuBvsLJC9rL
1447,07K610YCf6q6uE5THimBb3
1448,60wxK3idlzc3lykP8cYZ2l
1449,4NiehSBQthimPzRsVeOgCT
1450,0CcqWuAEJC93K8cBMbAjgI
1451,339xlPKDLkEkFBFkMfAFfJ
1452,3fHgqkRp331r3W0WtUGBGr
1453,4SkYTbhvBotpFZKCspQhN7
1454,0qMbanesLAELxhCG3EZVVe
1455,5mDvQOjN6s1ctZJf4SNT5F
1456,7hbk4BaF66O09R1gq0bKwj
1457,0wbnC9AUenxp613TYaJsGK
1458,1SZV0tumNCBKy3q4ntFPvn
1459,7tl4f3AQwC1ZfHSEhMOWdu
1460,2FY7b99s15jUprqC0M5NCT
1461,6K2anECyrckidwf5wxS78Q
1462,6BJbOXDlgVAXSaq6wYFYT2
1463,0mFkb9lXyTIrhy5nPAyrs5
1464,2mE82x2nYk5GA27xNGlLkD
1465,5kprxqsCHKz3c6KMIRQrNL
1466,4sm4HhZqRsUdWaW4QZdxg0
1467,0sXvjZV7p4uvyPN4uQo3FH
1468,5wxurz8J6YlyQRNnGN8zXS
1469,0B2hCEoIf0kEpuPrXF5ZFW
1470,1QJvq84l7YcVCyIkGA602c
1471,1IRqk13j5Lq0M1WInd6jfv
1472,5eHYF98ATwMIAFYvZJi1Bt
1473,2uRz1DAgAuK7CObjr1Lepu
1474,7BmWDAlFk1DCL60I435oaE
1475,7cEZShpmZ7dencnV8ibyUS
1476,6wWaVoUOzLQJHd3bWAUpdZ
1477,3P6zjYxB5sqnNGyd3QRBDz
1478,3QdBvvYJ9k1CES1e9aYvaA
1479,3bH4HzoZZFq8UpZmI2AMgV
1480,3A2W7jBX59x1g6YM4og73Z
1481,1skbBRLhikv2HatJlAIAzL
1482,31VOknKjFrEX47bZXzqcoF
1483,5tVmNtMvCCABF6u2IyLLjX
1484,6LyeDREg7gRqUPsqYAegrH
1485,278kSqsZIiYp8p3QjYAqa8
1486,3CA9pLiwRIGtUBiMjbZmRw
1487,3CA9pLiwRIGtUBiMjbZmRw
1488,09FfQO3PqHO4HIJL511Ksi
1489,5SehvGGC53A7SZKCLXQcyt
1490,5T3rp70MEW4XnWv82BDVey
1491,29WtjZlOl5MbzC3lhllMNv
1492,2LwodLGnuRGcqZA14BgeMZ
1493,3gTp4KG5WhiXUV3Q7OGBnD
1494,5WvAo7DNuPRmk4APhdPzi8
1495,6OaVWaGfhXn70ZJfdVcabn
1496,3g2738D4yQGvjZ4xupIr95
1497,4HFo810T6HpGX9lXwMixWt
1498,4HFo810T6HpGX9lXwMixWt
1499,5qFeMRz4TvetPmzjre9Dq7
1500,7ssFG94tZHpX9vbIFM0GVH
1501,5fzCmtWC4N4i8g3cB8WrFW
1502,6onLsl9QsSdUiVunHQL7R3
1503,0t8JOzEtcuRsgPen9Oa5ky
1504,3dJecOICXVH0e9oDU6wDyN
1505,5Tb6K5YFvUNXREaGbDLn1m
1506,5Tb6K5YFvUNXREaGbDLn1m
1507,1G586ld1gbaECg4Bc6w40O
1508,35KV2Nuib6jPMVN00O8iba
1509,7hdw5gAGMyyn9z0XgfTv1j
1510,4cZ3UsiKd1kUQIaq4BFIj2
1511,6rLQZW36LaEUGWl3sWTg7v
1512,26oZOwsCywHXPRvLVORbgw
1513,04MLEeAMuV9IlHEsD8vF6A
1514,0OlS52TmtK2gPaEtdmr7DN
1515,2qT1uLXPVPzGgFOx4jtEuo
1516,3b6fnyc2gS5tClPYKlZdoj
1517,5M8goiFYynmNxhueYW6grR
1518,2UNSjAMTbEYRVgj0VscPEA
1519,2oRw23oqcaJGKsPajsP8cv
1520,66XlMyAfZjJ24GVa2qPF9c
1521,1oMYET9xQB8XpxwTt2c5Dz
1522,2SPEg45ZaUFJCg9GwNmRvw
1523,33bUxQsbrR2Ue2sS9o1Naf
1524,0TlLq3lA83rQOYtrqBqSct
1525,0evt4UZbdhnHtcAnxkm6A1
1526,2qGn5nfND8fAksVPXd98hb
1527,7yfha8TaN0DVNGp180Z5Zr
1528,0CUInR1eGTZHYExHsIqAnp
1529,6TWoOOvqyMHBUuHpNS5Rre
1530,28FGV3ORH14MYORd7s5dlU
1531,7h7auhB99KXrWRLH1DUGbP
1532,7lRlq939cDG4SzWOF4VAnd
1533,4rCmMRTRtnLbfHECML488y
1534,2awExtNBABpwOFC78XViJd
1535,4hrpoqJMVE7FxBu1YWx0eQ
1536,27rdGxbavYJeBphck5MZAF
1537,2EDR9jb2Qn7E4eGZu8WGRD
1538,0l3jmZG3d68ahqy3lDVCfX
1539,3C2xQqHVkhA1Ht17SzPRke
1540,7zLYKWcXnYeHHWidalz7rj
1541,7zLYKWcXnYeHHWidalz7rj
1542,7i4FrliOhykU6yxoue8Y9e
1543,3YRCqOhFifThpSRFJ1VWFM
1544,4GKcaqt6PFor4siHXMO42e
1545,6UCBsR9qy21g6DtXq9CdAv
1546,7i2DJ88J7jQ8K7zqFX2fW8
1547,6arLnfArtdWKOcCYzDd4rS
1548,2KrHM3YwVwewEAxss7iuj7
1549,2rYyq0b3XWwmWl0k727OVG
1550,74lnM5V6ecvoTPV0fvptx9
1551,733c1CWmIGymoQXdp7Us88
1552,2SRVj6ceeIffVEm9NFyRHI
1553,3ILCRZ5hi5px8aXgypUVwB
1554,7hDVYcQq6MxkdJGweuCtl9
1555,3yuFexYOxPrKYtwikc2YwV
1556,2RKmGDTq840oLpKC0WOaCr
1557,3JAeYOjyJodI4PRs44lx2l
1558,1SVB8LWWpBhy5GI6UUGrpS
1559,6PoKfDY78ih5OveWirggRX
1560,5J6D8QvlGZw9g5x38fAnjE
1561,77VLYTyrdlHEWcjhjQoXlz
1562,1ISsiC4Fw6f96kZQegLGiJ
1563,0F3fscqwFqD52Tpbep5hBW
1564,2U12JbtnFSYa5Av5wEcEDX
1565,38844QuZDlnt44uHPrSA3S
1566,5ToJzoVfLYyF7ohMOBNObi
1567,0ToHhkK4qtwEyKOxhQpMbJ
1568,7sormsdEi2yxGsUn7bUjyx
1569,5BCGRk9QH9aObt68S7kaz5
1570,74ZovzRxHBvCq5yIwe8boh
1571,18ULKfQl3KpCnklAKFfO2t
1572,1ql9UO3B5T3qP3NOAg0rr0
1573,7HIQfzq7uFZNZUxzK2OjbH
1574,2YpeDb67231RjR0MgVLzsG
1575,3cHzrMhfYJOItIZd0kPVUR
1576,1ee8Jidquj57bOaMibrnQT
1577,1cM25iyn6zKOfnywTNtvyb
1578,0B2ZuTLZnWQ6gz8RlNwBu1
1579,6WofLoHMrztHl9U51VBu4L
1580,3OjNkFFZavF89xvRqWCXmU
1581,3OjNkFFZavF89xvRqWCXmU
1582,1PoJXULCvl03b1fiZmMxmd
1583,6LP5qQvZAvR6PNZqysxmhS
1584,6Vmb8Ru0BvjWGozOVGApRd
1585,27r2uANqwK7XbsiAZnzf9e
1586,2weuLbzYrptvPuAWykOI0V
1587,5ltxzqmt4Ep0ssR3hIf9dp
1588,7ef4DlsgrMEH11cDZd32M6
1589,4k80K0b6KZ2QjAYkXON7q6
1590,4bkS139R86PjVhqJ0sKdpC
1591,0T6RSXxFhW8dRTWHI604ld
1592,7pwAOy7WJBeSBPbH9lXvI8
1593,0DiWol3AO6WpXZgp0goxAV
1594,0Jn8HMGekF6QhOOJzWD9d8
1595,74fQgHleHZ4V7Gm1XYcGkj
1596,5trCWbYtza0QUxdmF9HAPX
1597,6uU0Hu8oVk9gBihokcrDMH
1598,0YHqyIiqJ6QoKKLMDkbcbL
1599,2AKwcNHeGAqCpD6etK425X
1600,2ibdYmH7GRHNnUcBa6kbnG
1601,7ujW5DGryDJwFQpYqrtulh
1602,2TLDilmv1UmRTfyb7f2Hrx
1603,52pWggDlN5mVeX111i06PP
1604,2NyWdxhlqyrt91PE6Yzf9u
1605,1CLUtToY6V0jn79UPtf5VA
1606,6Vmb8Ru0BvjWGozOVGApRd
1607,6ju6HrqdBszcAmSqbxNPQ3
1608,4JSDMODQLLa35g8PsOM26o
1609,5SVARIypUactzhS79rk6x8
1610,2uhEKg8kIzpdvz4gyy6x8W
1611,7BbtvJqWnQRt8gSrWbUVym
1612,2CTN6UuO2dNEVZXR0DJVk2
1613,7IZ7S595rr4Q3E1Zga1Jev
1614,4lJ6YVXQ0jUk5ILu0PSrA4
1615,6naxalmIoLFWR0siv8dnQQ
1616,6XOdosD9300UayFoY52NJE
1617,1Ouddr47W1oaAhj2ER32kq
1618,4d3f4E5B2i4pGqElKXaHYv
1619,5Jdob8VuV2VzvOx1IUn5jm
1620,1Q3HtTFGxjmEljAw7Y0CaR
1621,1vpDzKbn44PaEEhhKTbMb6
1622,4vCAzANUWDE24URV6wQ4ra
1623,6Hgh47WXVKtXN5zGOu0hjI
1624,7DKSHIR389td3F1MrTOerW
1625,4WzhjxvLP95y7AMDy0Atwb
1626,3xrrDYEB0Tb3mBJ38Ghq6L
1627,2ue0yHbKwnsj8HXLLgMzVi
1628,1Ryw2NPudgM1SRGZx91RbL
1629,3sA7HKGzcKTVscdiTCrWpX
1630,4RC5YmcpCbRsX3AtRzoQeh
1631,06k5ZWQoJ44zNYlb49zBjc
1632,1N62wozuHCvczCkY4QidpP
1633,4KVGeUYe9KnzrJoSgbr0MN
1634,3A1BaBGT3HgzuDrV9pgX9v
1635,4hUR3thIs01mQUtVmZFJ8F
1636,1iGOI54dl6Ps1kYlSpPZzg
1637,2IoVnTEyj8NdFBpWoEFrMZ
1638,3YbtjYddK11NTDdUpC4nGp
1639,2QCzfOVQE1S014f5aWWCt6
1640,4zI04ezdmrN0lT2pHykYrd
1641,7kieCiVmj4StWHclc04u3M
1642,1oW4SXzoVd9Ebs8UjlXCvq
1643,0fxtkTrjWfcBjxjzLYBcG3
1644,7uUahoeqGNRMbpdeiLj1rS
1645,6Equas60YNlRXVeppeOyRv
1646,7EFmA3zysrOPJNRqhYCOVd
1647,0Rx0DJI556Ix5gBny6EWmn
1648,2tPcTFiQF9MbVUyjZ3zDhA
1649,3fpVWegR6YOS1Yk5HSMYIq
1650,1zQEwVuYnVRcpMdlKlnLs8
1651,4irYeuAi87yyGHcI4h9s0x
1652,4BH9zDv1Ys6kw0j3lU1hTx
1653,7KW3XQV5Or5CF57MYVj5h4
1654,3edzl4zvKFi0D3iuF6cs2f
1655,0JmiBCpWc1IAc0et7Xm7FL
1656,11L064movtyopGdLiX4sVg
1657,30YhyUmaegqSxsBICCeVzY
1658,3Nkqp3NSGWMXVVO08zGpN7
1659,47zaDP1ycAe75JHLNDgaUe
1660,1Hle8Xb0v0CE4xJR8Ezr89
1661,6RQ1fA92rn0HmMBpOsdxBp
1662,2NjeQLvFsfeKdZoA7dbfL1
1663,0Mk48GaMgw0qz0auSymuHd
1664,0tgVpDi06FyKpA1z0VMD4v
1665,0tgVpDi06FyKpA1z0VMD4v
1666,6nat4Z7iRKWVk1qngQqI0Q
1667,0Xcy81PsJCOO6mhLZaQyQ4
1668,1ung2kajpw24AaHjBtPY3j
1669,2l2UdSCApnIUcRMlQmq03d
1670,7daBwTiPNOVgoMUG4SICgh
1671,0XOnMqLQDO89iAg7dWWwnG
1672,113O9yo2Ayl4OsKfBdzbVh
1673,1HNkqx9Ahdgi1Ixy2xkKkL
1674,2Ol7kKQl9x3yCD1vA3B4xh
1675,1ibeKVCiXORhvUpMmtsQWq
1676,5r8mGKhCDIVWb3AG4hm0l0
1677,0PDUDa38GO8lMxLCRc4lL1
1678,19EnyPZhNPbRoCxAuv5pKD
1679,7dFERLugNJZUgtX1V3KA4b
1680,6eBrlbv2HMYcldwjoMWIrC
1681,1yILpfbu3ZHCgA04NOCXwK
1682,08fJC2HfOtk69eGJWBc9gC
1683,4tAroWdVxOsx5teIaZqEHm
1684,2xyx0o4xNOLLjBSbOOdcbA
1685,3wPK4mTmc3N5IU0SrrVlH4
1686,3fagdhMgH7nMWLxHEf9iw2
1687,3X3FzrA32EbYvu3n3526w4
1688,3uYOVV9hpYLk6scE9xvAqt
1689,5NhuU6acKHoJ77QbbCkQEy
1690,4F1yvJfQ7gJkrcgFJQDjOr
1691,1ZAyjvIk9YiD76yYy0TEG6
1692,2doDkXAkAs4QsmSzTtPj0N
1693,2rPSFKzGeqUWwfcCFVkkq3
1694,49COPp81lGS9Hl9OwKlsKl
1695,30lIB7UwSLy5qgkfYZEtB1
1696,6uFn47ACjqYkc0jADwEdj1
1697,5sbooPcNgIE22DwO0VNGUJ
1698,70CenQb599HjJDdGXdRFT1
1699,3oRuCzqdduzZ2CBhAtv8zO
1700,4tViDtaHuSLnh7HVJTrKhs
1701,381g0b6QZxC13SzA2HRMIc
1702,1BuZAIO8WZpavWVbbq3Lci
1703,7ycWLEP1GsNjVvcjawXz3z
1704,4j6GMcVcqZf1r0GDqMtYp6
1705,77UjLW8j5UAGAGVGhR5oUK
1706,2AaF78iCWISMWYog5RnSi5
1707,0oeW7qeQnBULDmDWsq4w5o
1708,5ngbvSnoZh1Kj5GUozoXfR
1709,7oW5YZZVeesParmVY7gx6s
1710,0brzJEyCEVzjAQsCgCqxqb
1711,0KyAGiNGUytG5JLxJu4F6l
1712,2JVwsN6viHjR9t5pCPQ4Br
1713,75wU86jr8iIiBVfD3kU3cU
1714,0Nwar8rweBUyfyuoyjjUvk
1715,6GSkLS2y4ZnnZsuRAj975K
1716,6MpCaSIOfqBqbMED4kXgNY
1717,0jZxuq04x40gwFCCcg3J31
1718,5N5k9nd479b1xpDZ4usjrg
1719,5N5k9nd479b1xpDZ4usjrg
1720,7sn0OyaKn1XKx18JjUZkSw
1721,2HZDTyDJw4bFK9VQd75m9B
1722,6z7jvqBQtyNLxaKALqT67c
1723,4mTPiriZxq8P9aDIqj4gNJ
1724,3swc6WTsr7rl9DqQKQA55C
1725,4Wh97e2OMThwy7x3resYAq
1726,7w87IxuO7BDcJ3YUqCyMTT
1727,04cd1MHVq1D8v1nuTZoCdv
1728,3j84U36KvLeXNDPv4t5pI8
1729,60ScLvpnf5C294YvspdXJF
1730,2IjyFRCRn8x1bEquOM3vxg
1731,4JS7PwFSIt32LBRGl4nM0A
1732,7Mm9znv8W1S1AaoZEgc2Jc
1733,3Oovjs1GW9tF5vF295AKp0
1734,76XMB4mN1DMUz3cHwevjPO
1735,5OpiyfqaQLdtwHd3SfembH
1736,6pG17TLGmfjvnLCtbRMEZM
1737,1etiUDkISHELzQGMY79ryt
1738,4o05DiC0RQ9DNtGJGauwna
1739,4o05DiC0RQ9DNtGJGauwna
1740,4sjLcE0GQ6urc4iUXsUPe9
1741,0ExiKxfY5rHBW06TcV1xXU
1742,6kN06eEOblRAuWI0xUUS91
1743,7v14trtWiPnGRPmczaabqg
1744,5Id5B3dxJZhPcV9GzgYZZe
1745,1xWH8zYtDeS9mW1JJG23VZ
1746,4SZepBIPDRwPaHIjAKwRDb
1747,1lOe9qE0vR9zwWQAOk6CoO
1748,4G8gkOterJn0Ywt6uhqbhp
1749,6raYdMQsafmXmiqwsI4Vzq
1750,5bA0R8kmbTA9QO4OahbLAe
1751,4tIj9moC5Su9HPU48vBbF5
1752,6kgHDRYhJd7dB9sPWvHy96
1753,79qxwHypONUt3AFq0WPpT9
1754,16muBPcWmkHSl1uM4tE8WL
1755,4uv94t119y9ISgd7U1nWnL
1756,1m0UFnuTktOkksvjbF9z0m
1757,63TyoT9Ee03rQxv8xmdJ2l
1758,2tg1YFdY6eE6ODhUcmsVQF
1759,4SUwJA3eUVNHExxMPEUhQe
1760,4u39IY2QjY1utpNCCF4is0
1761,4xjVP2Vogo0C72o6Nevq0W
1762,0y4wYAGijzehQGFiGlSFMP
1763,1V5EGX93Ezv1mxow0b4pwC
1764,072PI4U52gO1NasX4Lpv7Z
1765,4VMiNOpnjRwSCwmHaUfOMM
1766,0FaVlC0DFDViT0svJC6lpK
1767,672L8kwlwJu5w8D6MWyvDC
1768,3yHTTHbT058Ow0favhZO38
1769,1IbaGRC0Yrovu3MP1ipf1u
1770,4RVbK6cV0VqWdpCDcx3hiT
1771,4GSjFSK1SM78wPTVbsSB0S
1772,3fFBZvG777xoKyvcrBq7lc
1773,6ZfPmIbwzz6fopTNwAJTPs
1774,7uEzEAcV7WL9osYSXWXeF5
1775,0ezeXzG4Qi5GJGu9E3W4VY
1776,0zvN9oq95bIEQjvfcdeZlX
1777,33ihZWqvTNPd6MfNDGZTUX
1778,33ihZWqvTNPd6MfNDGZTUX
1779,4cRBqWBjuccCowYVHFlXK6
1780,4FpfU1O7WCLBnmwu5XAFk4
1781,2PtBhfoPZ6VYtXkrE5FrCH
1782,2D3z17LBMJ2HEHeBFFjTLi
1783,7LLXLd0pisbEAdIVK502VM
1784,4KqPuyZdcjXuRqXSARnt6r
1785,6OaXwDwQ5pQkBRkaOprxPK
1786,1BjQ4UMtFEevraJaLt0Ode
1787,5ynxx6zC4dgzsMHLYQ04Dc
1788,5ynxx6zC4dgzsMHLYQ04Dc
1789,4UKCKdYiLN6IMA5ZESUTL7
1790,3LK6wDkhbTyg8GhJidU9oC
1791,5sIx4BlfYGuZeSLF40N9GH
1792,77mh9ekRRedxpn25cf4p6q
1793,0JYAsQJWIuaYUvZGF1qapT
1794,0mjAU3yKR1QnXnHtjGJqTM
1795,0mjAU3yKR1QnXnHtjGJqTM
1796,19yscu9T9f4LDE1L0f9pSb
1797,20bD4lkiXkxl5VVg0Y7Tjz
1798,3pZVH0mPC6fxtmjOT0i9t5
1799,2MlI59j4HulbMIe4QReoi2
1800,7Fv8Qp3tTSbSS2VjryUF7L
1801,65fpYBrI8o2cfrwf2US4gq
1802,2WF9sJZSfAhJAiogtMZANC
1803,0B6M1Nu9qeYvN8qyRLJdyn
1804,7gQWTvDx7VJRzeRbnlyIm4
1805,3usM520kfIRpWNaYOwdnYI
1806,73mAwaps8jXMZJ0Ywpuq7t
1807,2pAUx2a1F5JCaVgytQm8fI
1808,0L8X7lc6mbQ9fty4V9z3mE
1809,1ARJhjuI6TNYZCxYygFQ4F
1810,1ARJhjuI6TNYZCxYygFQ4F
1811,6uq8S5lQwzRC4FIVUWhoeV
1812,5OqDJGoh8DpiN0Y1CgNVgr
1813,4zxpssj8DyrfZcEUSUiNxG
1814,4zxpssj8DyrfZcEUSUiNxG
1815,2jt2WxXMCD4zjACthkJQVE
1816,0tV8pOpiNsKqUys0ilUcXz
1817,0tV8pOpiNsKqUys0ilUcXz
1818,4HIv1dRF270YMyfvuxnF0d
1819,6pZHZndlo57dPCYnvlYFOE
1820,4nxgA1nvXvTkmsBY0vJV57
1821,28QEJ42cRjtEr5x9Pa2KxU
1822,0wdV94AXGRphrbkDWLNzVC
1823,2qxaR31Te4xDR2yO6LqM8z
1824,54inhxqvwEzNHd8KdjXKBm
1825,5r00wpsojd4mBYaQFDvni7
1826,11Rm75lU5EmETsTR22C0gT
1827,28B02YJaBMp2byqoM9H92n
1828,3V8YWPYk01B0ZFIjAt05za
1829,2SbanBn3Tk4wheAsetH7FJ
1830,38HcgcQC4suvti0Sa0e5yc
1831,0SwB9nk7EfDUnIGbz7Go9G
1832,7fPuWrlpwDcHm5aHCH5D9t
1833,5MqPHMhLXyZDDPHMGEF6MQ
1834,7sB2rmolvEt77KFPCraSNc
1835,4hLQfgtzEyxme6w5GiwAEy
1836,0Tm5ER6IrGfmW0yZ5lkQli
1837,0DSobc54Tm1b8ZtjwJMc5f
1838,5tAa8Uaqr4VvA3693mbIhU
1839,56eGOeSsqdg3FLxdo83TwV
1840,6p8eEdiZLKJH8tcjGZuNTK
1841,6p8eEdiZLKJH8tcjGZuNTK
1842,3yRtCntPrFnfYgiqn1He2o
1843,1cdCwU8dUHGcoWX40D781S
1844,3DK6m7It6Pw857FcQftMds
1845,1aSTn7F9RUijD31mAzjlQx
1846,0BjEQJZy4rfUNpKHiaYirL
1847,2zoNNEAyPK2OGDfajardlY
1848,1VPUpUwtbpoRVXt0txVU0w
1849,5kcOXucLoFtzDYXf6uI30N
1850,7wTA0NKIm6T7nP2kaymU2a
1851,3ee8Jmje8o58CHK66QrVC2
1852,5bcuuRgZX5Z0pVTexJNBUC
1853,3ee8Jmje8o58CHK66QrVC2
1854,6Z8R6UsFuGXGtiIxiD8ISb
1855,65xH0C8jJ2YHOAF7uWsmHN
1856,1cYn1ux3gLJE5r9ewwfjnd
1857,1Wc1SQwiThvSu9dMc5opth
1858,7vgv8KZBSo0TPzyIWG9yzV
1859,5sC0youR92ljJRn6VatElb
1860,6jkWn2bAYSuw31qfJAPciF
1861,6i6tWyrp73f27zHQtPX9fJ
1862,26Vcf2qFrnaa0pFJkGFh61
1863,5iln7pnE6X5zwL1ATmqH90
1864,6cblRiEGDRNZgowcm951R3
1865,6XlSyYFTU1nodeWwwzVgTV
1866,2hnMS47jN0etwvFPzYk11f
1867,634N8zQG5IUEkSYBFynoY9
1868,1n7omixiROWs5q6xpWiQuL
1869,5kfNriitmkNE8mUbZ7gbq8
1870,5l66zJX4PpyS7b5DgoNJX9
1871,6FhB5ZyT4JsIJ0ozDlXCIp
1872,33sqo826sPntup9q2QUNrz
1873,3asFGFY3uLjMDmML1p0tYm
1874,1xmZK3YTextsiq0JPoXYof
1875,76vMKwFtdDDCLcM6zXybjB
1876,7H6ev70Weq6DdpZyyTmUXk
1877,6Vc5wAMmXdKIAM7WUoEb7N
1878,1oqYVpmmliXObp0cCdZwFx
1879,6pb7GiroRwDLaoelwfolyP
1880,5b6zjsBrZCqe6RFycLz2tc
1881,57oJKJys4oC7NTR7hwZkPU
1882,1Z2MfAx1nJ09NzGjodnvRW
1883,6vYGqxYCAcj4gfyrGcqN3i
1884,7HLglWbzDheHZ3VZUbxGLC
1885,1AROE0XcC4ySCxXF65mutZ
1886,68uuz61IqrSJjO6ffO3yHc
1887,2t5yMdaYlM6pKxJvG7Xc0m
1888,5bJ1DrEM4hNCafcDd1oxHx
1889,4vSoyDfL0uZyUoWu5NNNsQ
1890,2rUwQj4SWaP2anuGDtNpYR
1891,4PV0uE5pZSh44E3NqNNDEH
1892,4eubZoLt0CrH3xxhw4oa5B
1893,4antEhWfaS40HDDzDw0BFf
1894,5RlHbeRXOUNmYpXR40Qqd7
1895,0SqvY9AjsTEg8F6TsxxB0J
1896,6dKtDjv2aO45fqFsBboNpq
1897,4UEuIEv9Wc3wtiWUplGJ7q
1898,4USGABOAM5b8pAZ0hpu0UE
1899,44e7zSLoW54t5TdQ1jRjO5
1900,0H1Had94fszD13qsFsP1U5
1901,2hicQMyFRXr2ITuYp8DxTs
1902,6K3QDugc6Z34j84cz24ZDW
1903,5tqSUxm3Wpql0dlLMrIAp1
1904,2Z6VSz6nHF9dKNHQl0pUSF
1905,2VxeLyX666F8uXCJ0dZF8B
1906,2jWBH2mvHuisHxhpDbHSXP
1907,0CfmNX2TXk7yoJqHJiixnp
1908,5oeKHrUHPT4lUKrDRVlWNp
1909,698eQRku24PIYPQPHItKlA
1910,4z6mZWFgBZd07926K61Mi8
1911,5HwnezK198pJCEj1l2Adjy
1912,0DEF6mHj3FC9QJ0YaV9Zgn
1913,39vrbjCMTRXEdiIr2IsBgd
1914,2jey6aQoRNao7Ou9ftOXFC
1915,6RgkM1WIBmYT7XNbFQ5u7W
1916,3XOKU8CKSiQsuQHD5vhzo5
1917,5BOBHIBuzvQuIYL1E1nDzl
1918,59WWDNjN2fYf3uAeV95heB
1919,402tJQLOb6vlVPpdv5p3Wv
1920,1OWGLpptXlHLw1yibeHiHa
1921,1OWGLpptXlHLw1yibeHiHa
1922,48mT0UnkDbUChRUEQBxHM9
1923,0RgcOUQg4qYAEt9RIdf3oB
1924,5T3i5WkfjgJQpl8IANqjXZ
1925,2BJSMvOGABRxokHKB0OI8i
1926,6TrjaOqUwdKQ7KNxJr2s9Y
1927,6PN7QeNItfzZBpCTQvsLyq
1928,5ExHDzOoOhC4xZGPh9zyQZ
1929,2GlATHCDbLW7xq5BE0Bz5g
1930,4ofwffwvvnbSkrMSCKQDaC
1931,5j1zOOvkxxe4uZZ2Jgl8r4
1932,0XPlSuCVQ1nOhzTpFgnDSz
1933,50Fn2YOV6G0BjgZimrE65B
1934,35wvL50xvKpCHEJPxLOLPI
1935,0GY6fpwqKAeNhZDRljl09k
1936,58kZ9spgxmlEznXGu6FPdQ
1937,7Ec5VCqrysMwRe9tFH61jK
1938,2xLMifQCjDGFmkHkpNLD9h
1939,776xH04Us0YBTdspg6C1cP
1940,07XhZyYKgZMT4SBAddwVhl
1941,6Na5uKk5SsqZimk0hAWo8y
1942,4b5dJnsSUGb5txdsbasJ9P
1943,2ioXGSTg8y8YGq4eIoVcCw
1944,2ijef6ni2amuunRoKTlgww
1945,5rUNrHC5b0oYanaw370Ncz
1946,3gV0E3N4uOcoNsbxLkGWkp
1947,6HguG9HRb1Ke1bhihfE4m8
1948,3gpU0uqDonMBKEcJu4Rzsf
1949,3pC8tUjIZPORslYYmJbJcz
1950,4pNiE4LCVV74vfIBaUHm1b
1951,4xb8JHIN56xixSl6vkSPjm
1952,4xb8JHIN56xixSl6vkSPjm
1953,54rQxr2XJZ4vf0mRyGsqAo
1954,54rQxr2XJZ4vf0mRyGsqAo
1955,6NMtzpDQBTOfJwMzgMX0zl
1956,4F4TGsDYacEbw4PLAIyJ2e
1957,3V0assD4Gg4BrXFzDrcWVj
1958,64fzn2ewOdSH57wrxTPGov
1959,3Gda1sTo2ZjbztjjsnAsP3
1960,0rKtyWc8bvkriBthvHKY8d
1961,6ET9kf9riLETWs9lePUEAI
1962,6MBUUSIWCzaXW4q58Ktrv9
1963,0rKtyWc8bvkriBthvHKY8d
1964,73FDJgnjt6ZcxoiavN6XrS
1965,34ogu9WLRzVwPTh9J8KdVI
1966,4gT3mNJA8lnlkYFqGZ8IA2
1967,6rAGFgcGtlIdYxlhDizXNo
1968,18mjZvyo3mHKZOpuisQjJb
1969,5G6Gt9RtNaeIE418pd4yre
1970,66jMYG0wj6m6oj8LKvteEn
1971,7FjZU7XFs7P9jHI9Z0yRhK
1972,3qLntYODa6fXfUFFcCytbt
1973,22v7TSojrks5saGHHVjHus
1974,0EA2RhRHL4KWeNa7JfD1Yw
1975,4R5kwDx0ryIMiK2PKqbNVY
1976,4zIiarkbaDt2cm6sukb1Xt
1977,5NhlpQ6BOIz3S5welptk1W
1978,0Jr4zQh5i3vrKFEcXrhhxl
1979,16alIECb5fFTfrjLJ1tFSN
1980,55WLWX71YkHt2tSucNIf1g
1981,7DQ5CZjAQdhgDgdnSXxJ7Z
1982,35xSkNIXi504fcEwz9USRB
1983,35xSkNIXi504fcEwz9USRB
1984,5YOkA7qd2983FtBQnP8sYx
1985,3ae686rmXIGq7ufDlozcde
1986,735RSTb2xbtWbDtKD9XDYi
1987,735RSTb2xbtWbDtKD9XDYi
1988,3FYeLvLIeZS1QG0K7bCnhH
1989,2vcfImyMOQjYhnKOVkjoIR
1990,2hI8UCINh2fK8Z0uIkntxF
1991,3OBHpK5sbRBj3xQLCFcBLt
1992,2XXGgYwJTdg4wnd3qLrdzR
1993,7qEHsqek33rTcFNT9PFqLf
1994,0ga9CU2hRiiaaPF6ny4qz7
1995,1esX5rtwwssnsEQNQk0HGg
1996,6u8hSdYZxbK5EczDPRIXXf
1997,2YNVpj4AfBb3HN1QTqEcVB
1998,7IL3UOlcJ6nmcCMwpnlfcA
1999,2UbJCb8sb4mZMtxizHCVuv
2000,39UVKDPx3FXxsHCFUQp7Qd
2001,4AYtqFyFbX0Xkc2wtcygTr
2002,0IJK096XrKQd14Q6fNqW0e
2003,2x0RZdkZcD8QRI53XT4GI5
2004,4fjzDf54eBNOlW45mNe14U
2005,467eMlMa6dmZezv8LRLJmU
2006,1egCDDVgS95srpSPxrGpvi
2007,6h2wpo2pshM8QnAvRySEO0
2008,58iyYCEeloxb411Y682K5s
2009,5oOAApLytrsYIio4Tn9tQJ
2010,7qXPZxXn6Xmv1sjh03skiW
2011,7lurcq2Yw96B1K0KOJAHxg
2012,1JPRgRUK044O15wgv8uZO1
2013,5bum4HbCDFoB9wpsc0sQky
2014,6ffCTLnwgOBNv09A9UCRl9
2015,3GJ4hzg4lrGwU51Y3VARbF
2016,3GJ4hzg4lrGwU51Y3VARbF
2017,15eWNa3kpCPKILbSvvzSWl
2018,5diN5Ht0cc3B7iAbYde8i3
2019,1XYHjX6GoQgfaEI4R1i590
2020,6VrCmhRBFnuGKmtNfk4jDs
2021,5z1CmZthX5f2ykP73cggJu
2022,0R6UBiz3fJk4lxhKR5799F
2023,6HRU0CPcG0q3Dq8XVBWacL
2024,2CtCwQhY0ZLvr8L2l8Bo6e
2025,7MXVkk9YMctZqd1Srtv4MB
2026,0FgNSsaSZTvbLXUumSO8LQ
2027,7wBJfHzpfI3032CSD7CE2m
2028,3ekiaLepyHvS65i9fNTZ66
2029,1Nj2oBISdFDSF8eDuXcALz
2030,5M1QuhhIwEqNXeNooLndH7
2031,3mc2z2g6TxBHJj6zeaGlr7
2032,6Vr0hVLisVd3RrVOiiL6ly
2033,2BwmbZnTS8RCH8upxgwmsy
2034,397AkOxBC7w8j5J6fVsGk0
2035,2yvDDDQUmJnop6ycSqOAGf
2036,3cSuhzV7wKX5diQ8hos78P
2037,6J6RWKCPN5RFKHUKEUFjxS
2038,60Z57Wdrn0pEVpHI7d7GAX
2039,1SZ5EEmCQ03fRAHnFNYW8N
2040,48XkVAagIoQHCsOlJtXUd5
2041,2tXZxXmknsaVTNTaCvnlx8
2042,0HU8CeTestQjoRF2ekaLqx
2043,1KWLyoPChJrBQFscO8NW8D
2044,16FbHwKRPjfCgdyJAoAlKW
2045,1xYpVRspgaLxdJLOTQkTjg
2046,5GneHmxJdDsPtN2AI3y4Uj
2047,5Uh1uXAwxHdzeENqcBVZIH
2048,2GyYEekbHauEVHmtyi8AXL
2049,22GZFU4vcUB44DGhZhfaIJ
2050,7E9URUZz4m38M4t7yME5oU
2051,34I0nBvoE0ZXmqbKiJ5BWS
2052,4Ro98RCK90oHqqSZUnTFq5
2053,0KRkgRkBa1fA4vJl8PMOTf
2054,09gXQEruw09gxs0kaOdXmN
2055,7cK7hDrE7vAesPf8xd5zmb
2056,2kJu14V7hbZw3I4K8L8SXb
2057,1jzOG0T6JjvaOoHgzl91Nd
2058,5YeHLHDdQ4nKHk81XFWhCU
2059,7FeWgVGGphXuSUu5wNeAcJ
2060,3WVhkjB7Y4xFruqoCAajBb
2061,6U0FIYXCQ3TGrk4tFpLrEA
2062,7J94LZ3lmwI12XRVsOYJZL
2063,7J94LZ3lmwI12XRVsOYJZL
2064,6YUTL4dYpB9xZO5qExPf05
2065,4HG1YiGBseVKzjyKcmAJen
2066,27eoxLey5aGRJGAf5jmWoJ
2067,7znbs5T41Li5UBiVGhEACQ
2068,4j3GWI86JvSaF0BLdmgcfF
2069,7EHAXZenBzmGCpccWCyg8z
2070,5vsRm2aCBl5T2qdpvwtrf6
2071,2aPTvyE09vUCRwVvj0I8WK
2072,3KkXRkHbMCARz0aVfEt68P
2073,6trwNRKYjipVE9wUYSSG82
2074,7IE8eERSpTC9Jaw3arl99B
2075,53yTYusPQJ1AApL1hi0Dnc
2076,0hNduWmlWmEmuwEFcYvRu1
2077,7yt6eiZQCkVFEzwGp4Pbor
2078,2ZIZXWnU52s0C75sPYiwvh
2079,67YPjbcxUypwNOwYBZquq1
2080,6jT85s2dZ55HBqjXYi2rfI
2081,3stOygN0I7CIvkEB2LJGbv
2082,5q1d8UaWOGD2IO90X7msZo
2083,25sgk305KZfyuqVBQIahim
2084,70khXICDeTTxgYtw3EysKH
2085,5hLwt3TSmr9pA3SY5Gh3s3
2086,1wJRveJZLSb1rjhnUHQiv6
2087,003FTlCpBTM4eSqYSWPv4H
2088,59oP06RoBps6bvbvSQ1Zee
2089,36BLqdTQ0JZ1tLdugTlCl9
2090,5ynO8cYFjDwELIZfFHHeYe
2091,5PmrGSGGJNkItdlr5Jy0m4
2092,5GSF54zb8HD3TxvYZvvSJx
2093,5Fw17rh1qEC6YoT32BijNI
2094,3AzvNvE3xpgelqmE5MRnbI
2095,3AzvNvE3xpgelqmE5MRnbI
2096,2w7O4XCRoIJrwF1NqKL9TM
2097,3dCZm5HrG0jIXAHfNkg2H0
2098,0IJqdTYusluGN3NX71nQf8
2099,6DEaND0SHv3sC11xobZLiy
2100,4w8niZpiMy6qz1mntFA5uM
2101,4mHgYpuGHu99Mw69E83CP2
2102,6A9mMKHYdeUJGvQDKChC0C
2103,6TqXcAFInzjp0bODyvrWEq
2104,51w9Jbat1pLeWINGCpnQUR
2105,51w9Jbat1pLeWINGCpnQUR
2106,4cjNGrc51LhvkXdER37WMN
2107,73bva6qBjtCQd9MtwgRlLa
2108,4ksuI04WMvUnJbHQjgs3L5
2109,1smOhIn2NNZIsZw96C9fsI
2110,7nAfXgeHfDO50upcOjJOaq
2111,3sPpTsMNzlyJJx9LLJFT0e
2112,5IaHrVsrferBYDm0bDyABy
2113,6SOBCABlykuNrO04rmXpLs
2114,2PAYSgrVOBz8RJqp9B7QLu
2115,2Y1qcW4b9aVRnX1fHaVvxY
2116,0ifLplTQxXkFZKMQpWCHii
2117,059bcIhyc2SBwm6sw2AZzd
2118,4RZDQ6jEPLt9N91scevCj0
2119,0fIFjeeLJjIBliWUCsxyMF
2120,0LKEbc1vKhNjE22w2IGFfr
2121,5h8VHxOBK1VWWj46T8fSly
2122,6nBQFAIVFmAx2oZ8p6lUg6
2123,5VQpJ2AY2iMzrRZKgcvNjh
2124,3e9HZxeyfWwjeyPAMmWSSQ
2125,751gBcu62kORDelX7FV0mM
2126,0LPbvUObZwqkiTv6LJp5Ma
2127,2lu7sjHd7gRf2xfv9PM7Fe
2128,4ixnY07lxMziatNqonUB8d
2129,25YvGDl2zSE0pH8jrMZ6aY
2130,7grWGhX8SHNmyGOkMNVMCt
2131,5pVbLYTdihSKd8Kylfhwa7
2132,0WTN7om3lHG3yYMigwzBxl
2133,3lPj2nA1lIrWIpbnhNG57v
2134,5tsI3xxDHDgzHhn30LTQNz
2135,3D110t9ctcoOoylXsc3iR8
2136,3Kuu5vASpXK8oRsxOvau6P
2137,4ln2sKSeCWSXVizGe2KKZA
2138,4NBTZtAt1F13VvlSKe6KTl
2139,4NBTZtAt1F13VvlSKe6KTl
2140,0b9oOr2ZgvyQu88wzixux9
2141,34DFpyq5NJJ79GnGbbJH3p
2142,1fiXOseADM3jc6vtaKNvkm
2143,3oh6SCCeLuXhFpEyepla6G
2144,57lCa95tmjJ8EYdNTex8Kk
2145,7D8aQaRzoi9Qzz5yerVK5b
2146,7GbAp0HKPQW7WnFJAzMoRk
2147,74cVJfmK18rhWnscIpGXjt
2148,4lJNen4SMTIJMahALc3DcB
2149,5ouGWMPxx4Lv8vUWpfGcZT
2150,489AYiTB0ylShgV29tihMo
2151,7FC1Yd4Q1zGqlfgHD0FkHM
2152,3uDLVqQ76gixHkG1S13Buy
2153,2RPbRx7ySrYfq62yNKPvQV
2154,2jL9sjFc2LZsQBGbQnrjXR
2155,1a4CA0tFvzwUrx8UxwoU64
2156,3xFGQGWOVVkeSAVIrYtb9D
2157,3PIzI4Bl2b7oZloFWTPAna
2158,0nlQLaytSQwrY6d5cS2X2i
2159,45WkcBtgPS8xulUwEg63X1
2160,3AHqaOkEFKZ6zEHdiplIv7
2161,7BpYWzZwrsljT1eIjb0TqR
2162,47KDDZgFiX1w6RFOuLXsSn
2163,7weyB4Zuj9QDwQrFbveSpG
2164,39jXnbACjiaiTwwhsr5sY5
2165,4TAifFqlNkBvrycHbWV9Ew
2166,33DzKnwuBE6lfOiADwzd5E
2167,1Ehdm1PDlKrdfyBsjwEvd1
2168,0HCnj7pfrvshnocOJUFeit
2169,0HCnj7pfrvshnocOJUFeit
2170,3IiMnjK7S2PlsPVMuAH7rU
2171,2IubwIJI9sD15UHqFQecgF
2172,2IubwIJI9sD15UHqFQecgF
2173,3wnWcnaUJuoQBb0gtHqQcW
2174,20NeQXq8WWCG89ul5nH4BP
2175,3a1Zmq0P1E6W80x8EOcVNP
2176,5fkJrnDef72qn6zG2uMOlM
2177,06O3hxudc6V0BOuoCFSy71
2178,6n2eIfLj0wOOUkUfNmYzlh
2179,0lsRatBUs9HNIZAmoGABzk
2180,7co8zvT6HJuyT81IDukyID
2181,2MfcvcvWSUkstTDZXYIakq
2182,7jYUaoOfdcYgUvkK8NnFfx
2183,77S5QQdlLJmr3HT8gMuWS9
2184,22DZ17SmXzOfWbsCH4gWvy
2185,3QGsuHI8jO1Rx4JWLUh9jd
2186,3b6xkiO8O4Jvb6N0X06mTF
2187,0YAQnYt2oB8OdoaeqnHyTI
2188,0Z26mbSHJ1dkUu7g9DDgif
2189,6CTWathupIiDs7U4InHnDA
2190,6TrzifGqGOc2DfBbiXQtTz
2191,1ODyGSzjAYmJ7PvrrnRgHB
2192,1YNvLJutuBPJ8zKdTZ2QZi
2193,7eXT7U3FKrOM88xr1DsNwc
2194,3ZJRRdGN21Y9b7v9ajza3f
2195,4ppTAJUbNXELZcoUaL90wo
2196,4ppTAJUbNXELZcoUaL90wo
2197,0FuqL4OYgsuJYO3vjyFoLc
2198,43rJQjd6zfyTP58TNI9JAi
2199,0aa8hTuSxWAvgErzUDjcWO
2200,5ID9OcOU7EwpGYDKzyQHPg
2201,43SMQMC2X2fAOuTPRnSGrG
2202,1YtLXviWOvnrzmdLJYyj9j
2203,2QEiEzGafy58BV4h5FuCUK
2204,0RRm4OS5ymfZryXBuj0G2m
2205,4nJlfdLIucLBkXEJPsSCSp
2206,7zBPzAjKAqQpcv8F8GCq5s
2207,1DXvEWgI1xoxmKv2Zd3pNE
2208,7jL1aiMoJ9yKafy3kFolCd
2209,4VysGAsuHWHDxasPnTgwbo
2210,6M9vEm3Cy3PHr3QkXRX6x3
2211,4BreyjJu4w5EUhTKPIQymq
2212,3FGiFUJRRp5RGikVrs6kig
2213,6h50kZJAg6m80NUdZxsHBl
2214,5ZvHcR4OSwvEV5IhigbTOT
2215,7hQ7cmGKutObir5aHjkHPH
2216,2lF8jQFhIjpmQa501sYXxR
2217,1iu3UTLNy436K7S8KVOdjS
2218,7fklxl8AxKiGz5fFZEglIm
2219,4TT57R08MqKaBvCa5XRsyx
2220,4669wTPqp7Xwz2H7v4QKi1
2221,3EWMoDIm6lzuR0zQKtuCJX
2222,3wScL5W8H40zzCKN0atfBk
2223,6DUBKUA9vyF8UxN0VT8bJs
2224,0WZFN4E8HrmGUU0EMyKQ8c
2225,0WZFN4E8HrmGUU0EMyKQ8c
2226,4hLZPBb0enEJhMZ9hcHSXo
2227,0WZFN4E8HrmGUU0EMyKQ8c
2228,6V3wTb4VVDWRw3YEDgc6Py
2229,5WGUKZpVV5MLuNPtuk6nlK
2230,4eXr2l6EePiXBO9Y8zKhxe
2231,7cdy4PbCdDZZNjyxoZyE0c
2232,48zFZh27QU5qsrBjn4C2FA
2233,4JRK0vJYbQGUswxlsiGeSt
2234,6GCRnf1W9OKxok9fvNp3pz
2235,56oworO3N4afW1jVPA6TCR
2236,0fwIHsKXNEcb57u2um7z9I
2237,0zewUY3RSh8yaV7q66Okem
2238,65krgqLiZqW12PZAUQ9l2x
2239,19vrzibX1lFlT2V2ToVQkv
2240,4d8BSdhx6WT5GtTOWpv4rh
2241,3hwQhakFwm9soLEBnSDH17
2242,2SL6oP2YAEQbqsrkOzRGO4
2243,1RvL7eHoeUolnQbWm2Hnba
2244,4PPLQIqJ6xwBDGMyimEjvj
2245,3s7MCdXyWmwjdcWh7GWXas
2246,78vNgRDNf84vsrgOGd7bCh
2247,0Veyvc3n9AcLSoK3r1dA12
2248,5znIVOv7RucpCHGkbonySq
2249,3uMpllxUKlpuXHczoHJ0U5
2250,1YX1kcNiWLk1GVYEDWsaNg
2251,5hyq3LBlCfjRQAFkdQwe8o
2252,45UsiRzyeeAm1LlQZi66k2
2253,0y60itmpH0aPKsFiGxmtnh
2254,5imShWWzwqfAJ9gXFpGAQh
2255,27YP211Rr8RezhiFVDLFI8
2256,2mjbf9ZvCoYqTi0RZ2FTUJ
2257,4h8VwCb1MTGoLKueQ1WgbD
2258,20MuVazoNMv6xjKPnRFOxG
2259,20MuVazoNMv6xjKPnRFOxG
2260,0QIjsbm2fh1cJ45XO9eGqq
2261,0ySwEFQoOhVaGBky9iCdFJ
2262,6n4U3TlzUGhdSFbUUhTvLP
2263,3PepA0VP8gOn10KJyXL7A9
2264,5ln5yQdUywVbf8HhFsOcd6
2265,3ljkahwsdk97GG9g73l6w3
2266,1pafeNyvbS0sVwzcsftYSZ
2267,2vHfabj6nFebekTYODqntl
2268,5tUq2K0FZqYpjlVfBVfvUF
2269,1lgN0A2Vki2FTON5PYq42m
2270,7IOuCLt770D8v0u3SVaDeI
2271,66XDf77gBcfQKi4I2vIbTj
2272,1a7WZZZH7LzyvorhpOJFTe
2273,7DKS0rX27cCEPsK0R6tFWS
2274,3S8MFB68isPbRVgaU0MaIW
2275,7eB1V5LvAdxCc7brfGhRRo
2276,6VsHL5AduvsJMNfT2bpl3O
2277,3nAq2hCr1oWsIU54tS98pL
2278,1ZLrDPgR7mvuTco3rQK8Pk
2279,0y1QJc3SJVPKJ1OvFmFqe6
2280,23wfXwnsPZYe5A1xXRHb3J
2281,6ioeN8jQ8Qc3tS8dhpoAVi
2282,5jyyPsIGM2yqkZN9R3TmvN
2283,57nNNkgk768QVXq3uHxu5e
2284,4Ir1Dfv018qxVndX1zCiG3
2285,1RuWiwnl4QOjL1x2kJiOZG
2286,198XzWy8eKjlSiIFP7iBkn
2287,6gq6xnLUsQi92zO9lmAKDO
2288,6THwtgImf1ZAR2w3iknjeS
2289,1BYZxKSf0aTxp8ZFoeyM3d
2290,35mMXfym6C9VOTUVrcKKZp
2291,3UbBCQJ0SI9QDgtTY4lEHY
2292,3LIOgFJ7ZU3VzfIydq1Bfr
2293,0btCmqBHvUOKk4DEnh34b4
2294,3aN2V18W3EiW7eg5tHALpF
2295,6GnhWMhgJb7uyiiPEiEkDA
2296,09uV1Sli9wapcKQmmyaG4E
2297,0fIffclhgJC5h8AdMMVvkp
2298,40QK7YWeRYLVPmK77vuIEi
2299,5faqpitzDhJKv3huL8nJhp
2300,5WtfUKzXircvW8l5aaVZWT
2301,49bvrlmLoV4TcJSVh91xwv
2302,3eD4GBuUVbXrMUa9qIG4BN
2303,3DcScUlP3rZVf6Q3T6vXMr
2304,1IX47gefluXmKX4PrTBCRM
2305,2DGFNAg4pTPLFKPeQRbGDZ
2306,3rHrG1sHYd7h2yWKnxRk56
2307,3bDXhWsPiFTHtrsMg5faL2
2308,5vnuJ8EopkP5dHukpOmT3L
2309,3YchJkm3i5NyezSHYjOu55
2310,7bZsx7Zif6FIhrcZrh0LVm
2311,6hxn98poTu1O4YZfafvC18
2312,6hxn98poTu1O4YZfafvC18
2313,6hxn98poTu1O4YZfafvC18
2314,5rSBAP84pjS8sKuzghnsRR
2315,4DF4knUo8uST0QOR6ZqLsD
2316,2dgrYdgguVZKeCsrVb9XEs
2317,1Si7crvw1M6Kgz9XiAtMiJ
2318,2ZMI0QNoqU9fQZFirR9WpK
2319,43zdsphuZLzwA9k4DJhU0I
2320,2gdCDdmwDEh77IxUcSTGNs
2321,2UnDapGkIkNyqcxM3h75tT
2322,3g2BcuGHf4zYPSxv1uoSmv
2323,1C5yl7RS9TYz5pBqcwFVhD
2324,3td69vL9Py7Ai9wfXYnvji
2325,6bNcbh4SxQDU0BHa4Dj3wx
2326,0fokoG1PTmfQr6HrBoKzo1
2327,2lnzGkdtDj5mtlcOW2yRtG
2328,79OKfIXCPbNhZa3h1ZREag
2329,4wX3QCU2hWtuPiv8GSakrz
2330,376Gg7Oxo5C5jUWDWpVXeI
2331,7kftK4n15rl1wbpfjSq2Tk
2332,4MT0yNKM7GYPkRsk1Uvo7G
2333,4H0iUwnJaY9Ev07IP6DW5j
2334,5yJzkdwbrQCwua2dIC3K6A
2335,2KokOIKdw4zZutDil85Ugh
2336,5hpo6w8VtX1roDQzBQh89g
2337,4u7KjVIQPdzGCcAwg4W5Kl
2338,3LR0t8XqZ1FUj6nj01sXN0
2339,2x2SotEkKozaFh6H1aVnOZ
2340,2lUgap86Pux7qAgvWzuJWs
2341,4KYS9GK68yeuUJ8vJfPxrq
2342,6RKTMn7ZVVUG6eCOgi3orZ
2343,57qvqFm7s8ULbFdkpqBlcL
2344,7lozLnUfzcgEpMMVQI7yhA
2345,7lozLnUfzcgEpMMVQI7yhA
2346,7lozLnUfzcgEpMMVQI7yhA
2347,2FoSFSX2W1p8ri1Wj1Wavn
2348,0cEBv7oJxFp3bfTFqWFI0R
2349,1wdoaja3ueHHvzobn2jE2n
2350,4AfNO2UVU4N33AJT4lBmY2
2351,4W3LpDT8Z1DrlzOrLUkoo4
2352,353IDEfNzPJmGNRnOi5kJ1
2353,7pK4jm4HiNaYVzL2zbQSoG
2354,4zDQS1OCghoOKkjw6hf2qT
2355,4hJ3fjLTlYX3F5h8t6dtu4
2356,4X22enmtg1fgyDGZ491Arh
2357,3QFBecA7u6o4n3nC6ir2Po
2358,3wOR4fD3fcTtH3N7tICbOk
2359,2W6kVW3UZ3hwr4qbfCDp6B
2360,69WMdZSqdQwFgLVpbMsZ2J
2361,0MdSezTbC54SIPQkXrvHrp
2362,45sbqogvDC5RYRyIw84mgY
2363,1xK7enJZVdv37fnnxoZlPq
2364,1xK7enJZVdv37fnnxoZlPq
2365,5p7ujcrUXASCNwRaWNHR1C
2366,1ZreCbCSHpRcvqYpXlxnYC
2367,4fixebDZAVToLbUCuEloa2
2368,4fixebDZAVToLbUCuEloa2
2369,222B3aljXx6fFwKmFjuBED
2370,3nBXOlFTADNvG9nkqy2O2W
2371,3QKI38J8BZcTTF1HusbUKh
2372,38UCGIpo273uGgdBXbi992
2373,0ceW5TkemJUEmJERavfqQq
2374,6k67RdkVjTZj79c1cRz7IQ
2375,2wAJTrFhCnQyNSD3oUgTZO
2376,0p0jvYdazuWBMC8QacxpUH
2377,0p0jvYdazuWBMC8QacxpUH
2378,3xBHLZwRfi0fjO9euaj5zf
2379,1JdArJ9NKCF9TQASGQgszg
2380,0HSqhMUh1BoMKfLY7Hnhzi
2381,1f4tvi37ABO60upCvtm5Cl
2382,0PQoUlzP7ILdcrzpajHXc0
2383,0PQoUlzP7ILdcrzpajHXc0
2384,1nGoy0cEj0extAwXYNYTWd
2385,7xQAfvXzm3AkraOtGPWIZg
2386,5MwfxCtqMFGYp9Nc1BkTrS
2387,74uXfGRDayyx7UIV1irrhK
2388,3RykIiejIO6BEhxSSrXRhH
2389,5LAKjqbB5uurPpxFEicd9S
2390,7GX5flRQZVHRAGd6B4TmDO
2391,7GX5flRQZVHRAGd6B4TmDO
2392,7GX5flRQZVHRAGd6B4TmDO
2393,1YzIe5I0UNPgPRPxYpe92f
2394,64wdPpi4OeCQF4W2oMZ9Wt
2395,2A2Q4CYBcVvBF2OqgJ3OWX
2396,5R2rsbwCDXORX2tLfprRmM
2397,59JWp4PjZ9TRM8cmtaDYB1
2398,69b0SDYOymaqYwm3la237H
2399,1VGzxJnVQND7Cg5H5wGj14
2400,6IskNuvBwK8YzFrjvXIp5h
2401,07TeYiDPE8nUM5rHinBddZ
2402,0Ll92eLIHWY5gey1ISNMPi
2403,75dLEqanQTupF3dtP9exT5
2404,1PgBYvG7wziTSmZdDLYIvn
2405,7lAK3oHbfEnvUQWosrMMpR
2406,1PYsy4cGp3egbeaQDjIGIa
2407,3GCL1PydwsLodcpv0Ll1ch
2408,0qxYx4F3vm1AOnfux6dDxP
2409,3ZbJMlEL4Kcme0ONRO7Slx
2410,5r6Itpu30DFt2f7Z7sVPV1
2411,5MsydV2Ii4A7r85gSgh90x
2412,4pdLZsxq0y5oJDb6Cxlokw
2413,7yATeGiKEOcljVe1yet9zx
2414,07qlsG6DYRLBbovwca9Vbr
2415,6EGAfJaLUFzhS4zRBIEQ2J
2416,7ez4zYMOMkj4dZgfkYGSbv
2417,3CgTgHLI8qHAqLoZkz1BdQ
2418,6Up545NUflOiXo8cEraH49
2419,3XF5xLJHOQQRbWya6hBp7d
2420,2lG9dE3RsxM6uz9v071Efw
2421,0s03kNljvqzU62rnWyH4j6
2422,3KmuRpdh3UDv9GHyO8SmgB
2423,1kVbOR5Ko42OolRrTgqhai
2424,2GUMnvJq9GUWH5d9XRgTeP
2425,0B9x2BRHqj3Qer7biM3pU3
2426,5oNE1olhKsyCjLJslVBghX
2427,5Z3GHaZ6ec9bsiI5BenrbY
2428,154J7EMKDUOVwD2hWGDNHU
2429,5KClAAep73NVj6DYpLkvRA
2430,2iUXsYOEPhVqEBwsqP70rE
2431,2qXicQG06oT0ijKBznpgQv
2432,2qXicQG06oT0ijKBznpgQv
2433,3BpUZB0tw4zNmG3Iw1mclL
2434,5LMWJ58v182E9yyjL7UD3i
2435,1XKpPquRjEig0y74JsARVJ
2436,5DYD4zlGiFlkpLaf2Bk8Vl
2437,1cOyWWUr3oXJIxY0AjJEx9
2438,2bzitsPcImYC6DZWvvLCQi
2439,7er6tAT0AFq9QgdUizBejb
2440,0FZ4Dmg8jJJAPJnvBIzD9z
2441,4a92XwkRTBH2oOCbrfPWXK
2442,5vPbaLKWKCT0QRHfhIFQmu
